"Date","Price","Open","High","Low","Change","ID","CROSS"
"2019-09-30","1.8492","1.8538","1.8575","1.8450","-0.0036","EURAZN_2019-09-30",EURAZN
"2019-09-27","1.8558","1.8526","1.8592","1.8494","0.0016","EURAZN_2019-09-27",EURAZN
"2019-09-26","1.8529","1.8563","1.8607","1.8469","-0.0019","EURAZN_2019-09-26",EURAZN
"2019-09-25","1.8565","1.8673","1.8692","1.8509","-0.0129","EURAZN_2019-09-25",EURAZN
"2019-09-24","1.8808","1.8786","1.8856","1.8720","0.0085","EURAZN_2019-09-24",EURAZN
"2019-09-23","1.8650","1.8689","1.8707","1.8567","-0.0022","EURAZN_2019-09-23",EURAZN
"2019-09-20","1.8692","1.8709","1.8778","1.8607","-0.0081","EURAZN_2019-09-20",EURAZN
"2019-09-19","1.8844","1.8845","1.8922","1.8808","0.0070","EURAZN_2019-09-19",EURAZN
"2019-09-18","1.8713","1.8783","1.8791","1.8639","-0.0038","EURAZN_2019-09-18",EURAZN
"2019-09-17","1.8784","1.8661","1.8789","1.8636","0.0064","EURAZN_2019-09-17",EURAZN
"2019-09-16","1.8665","1.8781","1.8807","1.8586","-0.0123","EURAZN_2019-09-16",EURAZN
"2019-09-13","1.8897","1.8906","1.8986","1.8874","0.0069","EURAZN_2019-09-13",EURAZN
"2019-09-12","1.8768","1.8680","1.8812","1.8537","0.0048","EURAZN_2019-09-12",EURAZN
"2019-09-11","1.8679","1.8720","1.8757","1.8613","-0.0092","EURAZN_2019-09-11",EURAZN
"2019-09-10","1.8852","1.8872","1.8896","1.8822","0.0058","EURAZN_2019-09-10",EURAZN
"2019-09-09","1.8743","1.8675","1.8778","1.8671","-0.0040","EURAZN_2019-09-09",EURAZN
"2019-09-06","1.8818","1.8840","1.8901","1.8810","0.0043","EURAZN_2019-09-06",EURAZN
"2019-09-05","1.8737","1.8751","1.8838","1.8720","0.0007","EURAZN_2019-09-05",EURAZN
"2019-09-04","1.8723","1.8618","1.8728","1.8582","0.0056","EURAZN_2019-09-04",EURAZN
"2019-09-03","1.8618","1.8594","1.8632","1.8494","-0.0057","EURAZN_2019-09-03",EURAZN
"2019-09-02","1.8725","1.8762","1.8787","1.8725","0.0042","EURAZN_2019-09-02",EURAZN
"2019-08-30","1.8646","1.8760","1.8767","1.8599","-0.0060","EURAZN_2019-08-30",EURAZN
"2019-08-29","1.8758","1.8794","1.8819","1.8720","-0.0019","EURAZN_2019-08-29",EURAZN
"2019-08-28","1.8793","1.8814","1.8829","1.8759","-0.0012","EURAZN_2019-08-28",EURAZN
"2019-08-27","1.8815","1.8812","1.8858","1.8781","-0.0070","EURAZN_2019-08-27",EURAZN
"2019-08-26","1.8948","1.9020","1.9059","1.8943","0.0022","EURAZN_2019-08-26",EURAZN
"2019-08-23","1.8907","1.8795","1.8920","1.8700","0.0059","EURAZN_2019-08-23",EURAZN
"2019-08-22","1.8797","1.8805","1.8855","1.8737","-0.0005","EURAZN_2019-08-22",EURAZN
"2019-08-21","1.8806","1.8831","1.8846","1.8784","-0.0014","EURAZN_2019-08-21",EURAZN
"2019-08-20","1.8832","1.8794","1.8843","1.8741","0.0020","EURAZN_2019-08-20",EURAZN
"2019-08-19","1.8794","1.8790","1.8856","1.8737","-0.0068","EURAZN_2019-08-19",EURAZN
"2019-08-16","1.8922","1.8957","1.8979","1.8881","-0.0018","EURAZN_2019-08-16",EURAZN
"2019-08-15","1.8957","1.9033","1.9067","1.8932","0.0031","EURAZN_2019-08-15",EURAZN
"2019-08-14","1.8898","1.8949","1.8985","1.8861","-0.0027","EURAZN_2019-08-14",EURAZN
"2019-08-13","1.8950","1.9023","1.9050","1.8905","-0.0038","EURAZN_2019-08-13",EURAZN
"2019-08-12","1.9023","1.9030","1.9052","1.8924","-0.0037","EURAZN_2019-08-12",EURAZN
"2019-08-09","1.9093","1.9135","1.9189","1.9090","0.0067","EURAZN_2019-08-09",EURAZN
"2019-08-08","1.8966","1.9000","1.9057","1.8913","-0.0018","EURAZN_2019-08-08",EURAZN
"2019-08-07","1.9000","1.9000","1.9074","1.8928","-0.0001","EURAZN_2019-08-07",EURAZN
"2019-08-06","1.9001","1.9005","1.9087","1.8912","-0.0002","EURAZN_2019-08-06",EURAZN
"2019-08-05","1.9005","1.8806","1.9026","1.8806","0.0026","EURAZN_2019-08-05",EURAZN
"2019-08-02","1.8955","1.8942","1.9008","1.8861","0.0079","EURAZN_2019-08-02",EURAZN
"2019-08-01","1.8806","1.8790","1.8826","1.8654","0.0008","EURAZN_2019-08-01",EURAZN
"2019-07-31","1.8791","1.8924","1.8954","1.8715","-0.0070","EURAZN_2019-07-31",EURAZN
"2019-07-30","1.8924","1.8905","1.8937","1.8860","0.0009","EURAZN_2019-07-30",EURAZN
"2019-07-29","1.8907","1.8849","1.8917","1.8829","0.0016","EURAZN_2019-07-29",EURAZN
"2019-07-26","1.8877","1.8910","1.8919","1.8815","-0.0018","EURAZN_2019-07-26",EURAZN
"2019-07-25","1.8911","1.8899","1.8981","1.8805","0.0006","EURAZN_2019-07-25",EURAZN
"2019-07-24","1.8899","1.8841","1.8944","1.8822","-0.0058","EURAZN_2019-07-24",EURAZN
"2019-07-23","1.9009","1.9154","1.9180","1.8997","-0.0062","EURAZN_2019-07-23",EURAZN
"2019-07-22","1.9127","1.9146","1.9203","1.9088","0.0047","EURAZN_2019-07-22",EURAZN
"2019-07-19","1.9038","1.9132","1.9142","1.8966","-0.0049","EURAZN_2019-07-19",EURAZN
"2019-07-18","1.9131","1.9042","1.9140","1.8995","0.0047","EURAZN_2019-07-18",EURAZN
"2019-07-17","1.9042","1.9018","1.9058","1.8994","0.0012","EURAZN_2019-07-17",EURAZN
"2019-07-16","1.9020","1.9099","1.9110","1.8982","-0.0041","EURAZN_2019-07-16",EURAZN
"2019-07-15","1.9099","1.9093","1.9145","1.9066","-0.0012","EURAZN_2019-07-15",EURAZN
"2019-07-12","1.9121","1.9094","1.9132","1.9044","0.0015","EURAZN_2019-07-12",EURAZN
"2019-07-11","1.9092","1.9086","1.9147","1.9053","0.0003","EURAZN_2019-07-11",EURAZN
"2019-07-10","1.9087","1.9015","1.9110","1.8982","0.0038","EURAZN_2019-07-10",EURAZN
"2019-07-09","1.9015","1.9027","1.9037","1.8982","-0.0005","EURAZN_2019-07-09",EURAZN
"2019-07-08","1.9024","1.9018","1.9070","1.8991","-0.0010","EURAZN_2019-07-08",EURAZN
"2019-07-05","1.9043","1.9144","1.9151","1.8994","-0.0053","EURAZN_2019-07-05",EURAZN
"2019-07-04","1.9145","1.9109","1.9163","1.9101","-0.0054","EURAZN_2019-07-04",EURAZN
"2019-07-03","1.9248","1.9282","1.9327","1.9241","0.0054","EURAZN_2019-07-03",EURAZN
"2019-07-02","1.9145","1.9147","1.9206","1.9111","-0.0001","EURAZN_2019-07-02",EURAZN
"2019-07-01","1.9146","1.9267","1.9279","1.9116","-0.0074","EURAZN_2019-07-01",EURAZN
"2019-06-28","1.9289","1.9287","1.9334","1.9257","0.0001","EURAZN_2019-06-28",EURAZN
"2019-06-27","1.9288","1.9284","1.9308","1.9244","0.0000","EURAZN_2019-06-27",EURAZN
"2019-06-26","1.9288","1.9284","1.9337","1.9239","0.0003","EURAZN_2019-06-26",EURAZN
"2019-06-25","1.9283","1.9341","1.9365","1.9244","-0.0029","EURAZN_2019-06-25",EURAZN
"2019-06-24","1.9339","1.9249","1.9365","1.9249","0.0027","EURAZN_2019-06-24",EURAZN
"2019-06-21","1.9286","1.9159","1.9304","1.9138","0.0066","EURAZN_2019-06-21",EURAZN
"2019-06-20","1.9159","1.9045","1.9203","1.9028","0.0060","EURAZN_2019-06-20",EURAZN
"2019-06-19","1.9045","1.8960","1.9093","1.8960","-0.0028","EURAZN_2019-06-19",EURAZN
"2019-06-18","1.9098","1.9170","1.9213","1.9089","0.0035","EURAZN_2019-06-18",EURAZN
"2019-06-17","1.9031","1.9033","1.9091","1.8983","0.0008","EURAZN_2019-06-17",EURAZN
"2019-06-14","1.9016","1.9140","1.9155","1.8982","-0.0060","EURAZN_2019-06-14",EURAZN
"2019-06-13","1.9131","1.9148","1.9190","1.9091","-0.0011","EURAZN_2019-06-13",EURAZN
"2019-06-12","1.9152","1.9216","1.9247","1.9123","-0.0037","EURAZN_2019-06-12",EURAZN
"2019-06-11","1.9224","1.9164","1.9238","1.9164","-0.0042","EURAZN_2019-06-11",EURAZN
"2019-06-10","1.9305","1.9323","1.9366","1.9276","-0.0017","EURAZN_2019-06-10",EURAZN
"2019-06-07","1.9337","1.9269","1.9392","1.9224","0.0108","EURAZN_2019-06-07",EURAZN
"2019-06-06","1.9130","1.9050","1.9187","1.9017","0.0049","EURAZN_2019-06-06",EURAZN
"2019-06-05","1.9037","1.9087","1.9183","1.9004","-0.0027","EURAZN_2019-06-05",EURAZN
"2019-06-04","1.9089","1.9070","1.9133","1.9025","0.0010","EURAZN_2019-06-04",EURAZN
"2019-06-03","1.9070","1.8924","1.9108","1.8902","0.0051","EURAZN_2019-06-03",EURAZN
"2019-05-31","1.8973","1.8889","1.8983","1.8856","0.0048","EURAZN_2019-05-31",EURAZN
"2019-05-30","1.8883","1.8881","1.8924","1.8839","0.0000","EURAZN_2019-05-30",EURAZN
"2019-05-29","1.8883","1.8937","1.8959","1.8855","-0.0027","EURAZN_2019-05-29",EURAZN
"2019-05-28","1.8934","1.8997","1.9012","1.8908","-0.0034","EURAZN_2019-05-28",EURAZN
"2019-05-27","1.8999","1.8973","1.9030","1.8957","-0.0005","EURAZN_2019-05-27",EURAZN
"2019-05-24","1.9008","1.8973","1.9046","1.8940","0.0021","EURAZN_2019-05-24",EURAZN
"2019-05-23","1.8968","1.8915","1.9005","1.8824","0.0025","EURAZN_2019-05-23",EURAZN
"2019-05-22","1.8920","1.8944","1.8983","1.8887","-0.0007","EURAZN_2019-05-22",EURAZN
"2019-05-21","1.8934","1.8977","1.9009","1.8892","-0.0080","EURAZN_2019-05-21",EURAZN
"2019-05-20","1.9086","1.9017","1.9094","1.9002","0.0024","EURAZN_2019-05-20",EURAZN
"2019-05-17","1.9041","1.9099","1.9112","1.9031","-0.0022","EURAZN_2019-05-17",EURAZN
"2019-05-16","1.9083","1.9126","1.9168","1.9042","0.0042","EURAZN_2019-05-16",EURAZN
"2019-05-15","1.9004","1.9022","1.9044","1.8947","-0.0009","EURAZN_2019-05-15",EURAZN
"2019-05-14","1.9022","1.9044","1.9083","1.8985","-0.0011","EURAZN_2019-05-14",EURAZN
"2019-05-13","1.9042","1.9041","1.9125","1.9015","-0.0009","EURAZN_2019-05-13",EURAZN
"2019-05-10","1.9060","1.9038","1.9111","1.8997","0.0017","EURAZN_2019-05-10",EURAZN
"2019-05-09","1.9028","1.8989","1.9095","1.8951","0.0022","EURAZN_2019-05-09",EURAZN
"2019-05-08","1.8986","1.8985","1.9026","1.8948","0.0001","EURAZN_2019-05-08",EURAZN
"2019-05-07","1.8985","1.8998","1.9038","1.8915","-0.0008","EURAZN_2019-05-07",EURAZN
"2019-05-06","1.9000","1.8978","1.9020","1.8905","-0.0002","EURAZN_2019-05-06",EURAZN
"2019-05-03","1.9004","1.8963","1.9015","1.8890","0.0021","EURAZN_2019-05-03",EURAZN
"2019-05-02","1.8964","1.9005","1.9038","1.8925","-0.0016","EURAZN_2019-05-02",EURAZN
"2019-05-01","1.8994","1.9030","1.9115","1.8981","-0.0017","EURAZN_2019-05-01",EURAZN
"2019-04-30","1.9026","1.8977","1.9071","1.8959","0.0025","EURAZN_2019-04-30",EURAZN
"2019-04-29","1.8978","1.8934","1.8995","1.8907","0.0033","EURAZN_2019-04-29",EURAZN
"2019-04-26","1.8915","1.8894","1.8971","1.8849","-0.0062","EURAZN_2019-04-26",EURAZN
"2019-04-25","1.9033","1.9069","1.9081","1.8998","0.0059","EURAZN_2019-04-25",EURAZN
"2019-04-24","1.8922","1.9048","1.9080","1.8901","-0.0067","EURAZN_2019-04-24",EURAZN
"2019-04-23","1.9049","1.9099","1.9118","1.8988","-0.0028","EURAZN_2019-04-23",EURAZN
"2019-04-22","1.9102","1.9080","1.9130","1.9062","0.0010","EURAZN_2019-04-22",EURAZN
"2019-04-19","1.9083","1.9070","1.9122","1.9051","0.0015","EURAZN_2019-04-19",EURAZN
"2019-04-18","1.9054","1.9164","1.9202","1.9044","-0.0057","EURAZN_2019-04-18",EURAZN
"2019-04-17","1.9164","1.9141","1.9216","1.9136","0.0014","EURAZN_2019-04-17",EURAZN
"2019-04-16","1.9138","1.9177","1.9221","1.9135","-0.0025","EURAZN_2019-04-16",EURAZN
"2019-04-15","1.9186","1.9183","1.9223","1.9167","-0.0072","EURAZN_2019-04-15",EURAZN
"2019-04-12","1.9325","1.9232","1.9374","1.9228","0.0123","EURAZN_2019-04-12",EURAZN
"2019-04-11","1.9090","1.9126","1.9160","1.9085","-0.0018","EURAZN_2019-04-11",EURAZN
"2019-04-10","1.9125","1.9103","1.9164","1.9049","0.0009","EURAZN_2019-04-10",EURAZN
"2019-04-09","1.9107","1.9118","1.9165","1.9090","0.0002","EURAZN_2019-04-09",EURAZN
"2019-04-08","1.9104","1.9054","1.9146","1.9025","0.0040","EURAZN_2019-04-08",EURAZN
"2019-04-05","1.9028","1.9040","1.9090","1.9018","-0.0004","EURAZN_2019-04-05",EURAZN
"2019-04-04","1.9036","1.9057","1.9090","1.9013","-0.0013","EURAZN_2019-04-04",EURAZN
"2019-04-03","1.9060","1.9005","1.9110","1.9001","0.0027","EURAZN_2019-04-03",EURAZN
"2019-04-02","1.9009","1.9029","1.9046","1.8971","-0.0007","EURAZN_2019-04-02",EURAZN
"2019-04-01","1.9023","1.9041","1.9096","1.9004","-0.0004","EURAZN_2019-04-01",EURAZN
"2019-03-29","1.9031","1.9036","1.9098","1.9014","-0.0010","EURAZN_2019-03-29",EURAZN
"2019-03-28","1.9050","1.9084","1.9120","1.9025","-0.0014","EURAZN_2019-03-28",EURAZN
"2019-03-27","1.9076","1.9116","1.9171","1.9071","-0.0019","EURAZN_2019-03-27",EURAZN
"2019-03-26","1.9113","1.9193","1.9230","1.9108","-0.0042","EURAZN_2019-03-26",EURAZN
"2019-03-25","1.9193","1.9222","1.9250","1.9154","-0.0001","EURAZN_2019-03-25",EURAZN
"2019-03-22","1.9195","1.9296","1.9328","1.9123","-0.0052","EURAZN_2019-03-22",EURAZN
"2019-03-21","1.9296","1.9362","1.9420","1.9242","-0.0035","EURAZN_2019-03-21",EURAZN
"2019-03-20","1.9363","1.9258","1.9428","1.9231","0.0055","EURAZN_2019-03-20",EURAZN
"2019-03-19","1.9258","1.9234","1.9298","1.9227","0.0014","EURAZN_2019-03-19",EURAZN
"2019-03-18","1.9232","1.9220","1.9273","1.9201","0.0010","EURAZN_2019-03-18",EURAZN
"2019-03-15","1.9213","1.9179","1.9256","1.9148","0.0019","EURAZN_2019-03-15",EURAZN
"2019-03-14","1.9177","1.9216","1.9263","1.9153","-0.0020","EURAZN_2019-03-14",EURAZN
"2019-03-13","1.9216","1.9149","1.9241","1.9131","0.0034","EURAZN_2019-03-13",EURAZN
"2019-03-12","1.9150","1.9084","1.9188","1.9072","0.0035","EURAZN_2019-03-12",EURAZN
"2019-03-11","1.9084","1.9069","1.9110","1.9039","0.0008","EURAZN_2019-03-11",EURAZN
"2019-03-08","1.9069","1.8991","1.9092","1.8977","0.0042","EURAZN_2019-03-08",EURAZN
"2019-03-07","1.8990","1.9182","1.9219","1.8946","-0.0100","EURAZN_2019-03-07",EURAZN
"2019-03-06","1.9182","1.9193","1.9229","1.9147","-0.0001","EURAZN_2019-03-06",EURAZN
"2019-03-05","1.9184","1.9237","1.9260","1.9154","-0.0028","EURAZN_2019-03-05",EURAZN
"2019-03-04","1.9238","1.9327","1.9359","1.9186","-0.0113","EURAZN_2019-03-04",EURAZN
"2019-03-01","1.9457","1.9465","1.9492","1.9414","0.0087","EURAZN_2019-03-01",EURAZN
"2019-02-28","1.9290","1.9290","1.9385","1.9267","0.0001","EURAZN_2019-02-28",EURAZN
"2019-02-27","1.9288","1.9323","1.9351","1.9271","-0.0025","EURAZN_2019-02-27",EURAZN
"2019-02-26","1.9336","1.9283","1.9370","1.9246","0.0034","EURAZN_2019-02-26",EURAZN
"2019-02-25","1.9270","1.9258","1.9304","1.9228","0.0014","EURAZN_2019-02-25",EURAZN
"2019-02-22","1.9244","1.9232","1.9283","1.9176","0.0007","EURAZN_2019-02-22",EURAZN
"2019-02-21","1.9231","1.9233","1.9305","1.9204","-0.0001","EURAZN_2019-02-21",EURAZN
"2019-02-20","1.9233","1.9242","1.9313","1.9211","-0.0004","EURAZN_2019-02-20",EURAZN
"2019-02-19","1.9240","1.9187","1.9275","1.9126","0.0027","EURAZN_2019-02-19",EURAZN
"2019-02-18","1.9188","1.9174","1.9232","1.9161","0.0014","EURAZN_2019-02-18",EURAZN
"2019-02-15","1.9161","1.9174","1.9203","1.9056","-0.0078","EURAZN_2019-02-15",EURAZN
"2019-02-14","1.9312","1.9252","1.9343","1.9219","0.0109","EURAZN_2019-02-14",EURAZN
"2019-02-13","1.9104","1.9213","1.9266","1.9099","-0.0057","EURAZN_2019-02-13",EURAZN
"2019-02-12","1.9214","1.9136","1.9255","1.9095","0.0044","EURAZN_2019-02-12",EURAZN
"2019-02-11","1.9130","1.9240","1.9244","1.9109","-0.0048","EURAZN_2019-02-11",EURAZN
"2019-02-08","1.9222","1.9239","1.9269","1.9202","-0.0014","EURAZN_2019-02-08",EURAZN
"2019-02-07","1.9249","1.9275","1.9309","1.9169","-0.0014","EURAZN_2019-02-07",EURAZN
"2019-02-06","1.9276","1.9350","1.9381","1.9255","-0.0046","EURAZN_2019-02-06",EURAZN
"2019-02-05","1.9365","1.9407","1.9434","1.9339","-0.0022","EURAZN_2019-02-05",EURAZN
"2019-02-04","1.9407","1.9459","1.9477","1.9376","-0.0015","EURAZN_2019-02-04",EURAZN
"2019-02-01","1.9436","1.9419","1.9503","1.9397","0.0008","EURAZN_2019-02-01",EURAZN
"2019-01-31","1.9420","1.9474","1.9543","1.9396","-0.0027","EURAZN_2019-01-31",EURAZN
"2019-01-30","1.9473","1.9396","1.9515","1.9347","0.0041","EURAZN_2019-01-30",EURAZN
"2019-01-29","1.9394","1.9391","1.9432","1.9358","0.0004","EURAZN_2019-01-29",EURAZN
"2019-01-28","1.9386","1.9350","1.9430","1.9323","0.0018","EURAZN_2019-01-28",EURAZN
"2019-01-25","1.9352","1.9181","1.9395","1.9165","0.0089","EURAZN_2019-01-25",EURAZN
"2019-01-24","1.9181","1.9306","1.9338","1.9148","-0.0065","EURAZN_2019-01-24",EURAZN
"2019-01-23","1.9307","1.9268","1.9349","1.9251","0.0019","EURAZN_2019-01-23",EURAZN
"2019-01-22","1.9270","1.9280","1.9317","1.9228","-0.0007","EURAZN_2019-01-22",EURAZN
"2019-01-21","1.9283","1.9311","1.9379","1.9265","0.0003","EURAZN_2019-01-21",EURAZN
"2019-01-18","1.9278","1.9336","1.9374","1.9260","-0.0027","EURAZN_2019-01-18",EURAZN
"2019-01-17","1.9330","1.9330","1.9364","1.9284","-0.0005","EURAZN_2019-01-17",EURAZN
"2019-01-16","1.9339","1.9366","1.9395","1.9298","-0.0012","EURAZN_2019-01-16",EURAZN
"2019-01-15","1.9363","1.9463","1.9515","1.9306","-0.0054","EURAZN_2019-01-15",EURAZN
"2019-01-14","1.9469","1.9462","1.9500","1.9407","0.0006","EURAZN_2019-01-14",EURAZN
"2019-01-11","1.9458","1.9507","1.9584","1.9427","-0.0026","EURAZN_2019-01-11",EURAZN
"2019-01-10","1.9509","1.9583","1.9647","1.9485","-0.0037","EURAZN_2019-01-10",EURAZN
"2019-01-09","1.9581","1.9413","1.9626","1.9398","0.0088","EURAZN_2019-01-09",EURAZN
"2019-01-08","1.9411","1.9468","1.9501","1.9378","-0.0029","EURAZN_2019-01-08",EURAZN
"2019-01-07","1.9468","1.9333","1.9502","1.9326","0.0071","EURAZN_2019-01-07",EURAZN
"2019-01-04","1.9331","1.9328","1.9390","1.9247","0.0001","EURAZN_2019-01-04",EURAZN
"2019-01-03","1.9330","1.9247","1.9368","1.9186","0.0045","EURAZN_2019-01-03",EURAZN
"2019-01-02","1.9244","1.9449","1.9506","1.9202","-0.0105","EURAZN_2019-01-02",EURAZN
"2019-01-01","1.9448","1.9452","1.9592","1.9383","-0.0006","EURAZN_2019-01-01",EURAZN
"2018-12-31","1.9460","1.9413","1.9466","1.9377","0.0024","EURAZN_2018-12-31",EURAZN
"2018-12-28","1.9413","1.9391","1.9473","1.9379","0.0011","EURAZN_2018-12-28",EURAZN
"2018-12-27","1.9392","1.9261","1.9457","1.9256","0.0068","EURAZN_2018-12-27",EURAZN
"2018-12-26","1.9261","1.9278","1.9386","1.9242","-0.0008","EURAZN_2018-12-26",EURAZN
"2018-12-25","1.9277","1.9340","1.9404","1.9273","-0.0033","EURAZN_2018-12-25",EURAZN
"2018-12-24","1.9340","1.9312","1.9430","1.9279","-0.0059","EURAZN_2018-12-24",EURAZN
"2018-12-21","1.9455","1.9555","1.9607","1.9419","0.0019","EURAZN_2018-12-21",EURAZN
"2018-12-20","1.9419","1.9302","1.9487","1.9291","0.0061","EURAZN_2018-12-20",EURAZN
"2018-12-19","1.9301","1.9274","1.9422","1.9272","0.0013","EURAZN_2018-12-19",EURAZN
"2018-12-18","1.9275","1.9249","1.9345","1.9230","0.0012","EURAZN_2018-12-18",EURAZN
"2018-12-17","1.9251","1.9207","1.9294","1.9175","0.0022","EURAZN_2018-12-17",EURAZN
"2018-12-14","1.9208","1.9314","1.9333","1.9132","-0.0119","EURAZN_2018-12-14",EURAZN
"2018-12-13","1.9440","1.9427","1.9471","1.9361","0.0080","EURAZN_2018-12-13",EURAZN
"2018-12-12","1.9286","1.9196","1.9323","1.9190","0.0045","EURAZN_2018-12-12",EURAZN
"2018-12-11","1.9200","1.9263","1.9342","1.9176","-0.0034","EURAZN_2018-12-11",EURAZN
"2018-12-10","1.9266","1.9354","1.9426","1.9239","-0.0019","EURAZN_2018-12-10",EURAZN
"2018-12-07","1.9303","1.9301","1.9382","1.9270","0.0002","EURAZN_2018-12-07",EURAZN
"2018-12-06","1.9299","1.9247","1.9385","1.9167","0.0028","EURAZN_2018-12-06",EURAZN
"2018-12-05","1.9246","1.9243","1.9296","1.9187","-0.0001","EURAZN_2018-12-05",EURAZN
"2018-12-04","1.9247","1.9264","1.9381","1.9201","-0.0020","EURAZN_2018-12-04",EURAZN
"2018-12-03","1.9285","1.9217","1.9329","1.9217","0.0045","EURAZN_2018-12-03",EURAZN
"2018-11-30","1.9199","1.9331","1.9343","1.9177","-0.0067","EURAZN_2018-11-30",EURAZN
"2018-11-29","1.9328","1.9286","1.9354","1.9252","0.0023","EURAZN_2018-11-29",EURAZN
"2018-11-28","1.9284","1.9155","1.9320","1.9110","0.0069","EURAZN_2018-11-28",EURAZN
"2018-11-27","1.9151","1.9215","1.9253","1.9123","-0.0035","EURAZN_2018-11-27",EURAZN
"2018-11-26","1.9218","1.9243","1.9316","1.9209","-0.0012","EURAZN_2018-11-26",EURAZN
"2018-11-23","1.9241","1.9346","1.9390","1.9214","-0.0058","EURAZN_2018-11-23",EURAZN
"2018-11-22","1.9353","1.9312","1.9398","1.9303","0.0020","EURAZN_2018-11-22",EURAZN
"2018-11-21","1.9314","1.9291","1.9391","1.9278","0.0012","EURAZN_2018-11-21",EURAZN
"2018-11-20","1.9290","1.9429","1.9464","1.9260","-0.0072","EURAZN_2018-11-20",EURAZN
"2018-11-19","1.9430","1.9374","1.9459","1.9328","0.0029","EURAZN_2018-11-19",EURAZN
"2018-11-16","1.9374","1.9221","1.9387","1.9204","0.0081","EURAZN_2018-11-16",EURAZN
"2018-11-15","1.9218","1.9186","1.9279","1.9121","0.0016","EURAZN_2018-11-15",EURAZN
"2018-11-14","1.9187","1.9154","1.9258","1.9106","0.0017","EURAZN_2018-11-14",EURAZN
"2018-11-13","1.9155","1.9033","1.9185","1.9028","0.0065","EURAZN_2018-11-13",EURAZN
"2018-11-12","1.9031","1.9223","1.9234","1.9025","-0.0104","EURAZN_2018-11-12",EURAZN
"2018-11-09","1.9231","1.9278","1.9310","1.9197","-0.0025","EURAZN_2018-11-09",EURAZN
"2018-11-08","1.9279","1.9382","1.9454","1.9257","-0.0055","EURAZN_2018-11-08",EURAZN
"2018-11-07","1.9385","1.9387","1.9518","1.9331","-0.0001","EURAZN_2018-11-07",EURAZN
"2018-11-06","1.9386","1.9353","1.9419","1.9323","0.0018","EURAZN_2018-11-06",EURAZN
"2018-11-05","1.9352","1.9327","1.9399","1.9266","0.0018","EURAZN_2018-11-05",EURAZN
"2018-11-02","1.9318","1.9353","1.9438","1.9292","-0.0020","EURAZN_2018-11-02",EURAZN
"2018-11-01","1.9356","1.9191","1.9401","1.9182","0.0087","EURAZN_2018-11-01",EURAZN
"2018-10-31","1.9190","1.9246","1.9276","1.9171","-0.0029","EURAZN_2018-10-31",EURAZN
"2018-10-30","1.9246","1.9292","1.9323","1.9206","-0.0024","EURAZN_2018-10-30",EURAZN
"2018-10-29","1.9293","1.9350","1.9367","1.9271","-0.0029","EURAZN_2018-10-29",EURAZN
"2018-10-26","1.9350","1.9298","1.9377","1.9226","0.0026","EURAZN_2018-10-26",EURAZN
"2018-10-25","1.9299","1.9325","1.9420","1.9264","-0.0014","EURAZN_2018-10-25",EURAZN
"2018-10-24","1.9326","1.9459","1.9492","1.9303","-0.0070","EURAZN_2018-10-24",EURAZN
"2018-10-23","1.9463","1.9452","1.9512","1.9405","0.0007","EURAZN_2018-10-23",EURAZN
"2018-10-22","1.9450","1.9532","1.9598","1.9433","-0.0043","EURAZN_2018-10-22",EURAZN
"2018-10-19","1.9534","1.9427","1.9569","1.9396","0.0054","EURAZN_2018-10-19",EURAZN
"2018-10-18","1.9430","1.9513","1.9557","1.9422","-0.0121","EURAZN_2018-10-18",EURAZN
"2018-10-17","1.9667","1.9788","1.9821","1.9656","0.0016","EURAZN_2018-10-17",EURAZN
"2018-10-16","1.9636","1.9645","1.9722","1.9619","-0.0004","EURAZN_2018-10-16",EURAZN
"2018-10-15","1.9644","1.9622","1.9706","1.9576","0.0014","EURAZN_2018-10-15",EURAZN
"2018-10-12","1.9616","1.9729","1.9763","1.9567","-0.0044","EURAZN_2018-10-12",EURAZN
"2018-10-11","1.9702","1.9573","1.9711","1.9524","0.0065","EURAZN_2018-10-11",EURAZN
"2018-10-10","1.9575","1.9463","1.9621","1.9453","0.0042","EURAZN_2018-10-10",EURAZN
"2018-10-09","1.9493","1.9506","1.9528","1.9391","-0.0079","EURAZN_2018-10-09",EURAZN
"2018-10-08","1.9648","1.9695","1.9724","1.9582","0.0050","EURAZN_2018-10-08",EURAZN
"2018-10-05","1.9550","1.9546","1.9596","1.9443","-0.0016","EURAZN_2018-10-05",EURAZN
"2018-10-04","1.9581","1.9505","1.9627","1.9481","0.0056","EURAZN_2018-10-04",EURAZN
"2018-10-03","1.9472","1.9590","1.9671","1.9450","-0.0061","EURAZN_2018-10-03",EURAZN
"2018-10-02","1.9591","1.9646","1.9655","1.9520","-0.0026","EURAZN_2018-10-02",EURAZN
"2018-10-01","1.9642","1.9695","1.9738","1.9617","-0.0026","EURAZN_2018-10-01",EURAZN
"2018-09-28","1.9694","1.9754","1.9774","1.9614","-0.0105","EURAZN_2018-09-28",EURAZN
"2018-09-27","1.9903","2.0061","2.0094","1.9889","-0.0006","EURAZN_2018-09-27",EURAZN
"2018-09-26","1.9915","1.9961","2.0015","1.9892","-0.0028","EURAZN_2018-09-26",EURAZN
"2018-09-25","1.9971","1.9931","2.0019","1.9900","0.0021","EURAZN_2018-09-25",EURAZN
"2018-09-24","1.9930","1.9935","2.0065","1.9889","-0.0002","EURAZN_2018-09-24",EURAZN
"2018-09-21","1.9934","1.9990","2.0025","1.9902","-0.0100","EURAZN_2018-09-21",EURAZN
"2018-09-20","2.0135","1.9945","2.0148","1.9935","0.0167","EURAZN_2018-09-20",EURAZN
"2018-09-19","1.9804","1.9791","1.9875","1.9761","0.0005","EURAZN_2018-09-19",EURAZN
"2018-09-18","1.9795","1.9822","1.9904","1.9766","-0.0013","EURAZN_2018-09-18",EURAZN
"2018-09-17","1.9821","1.9720","1.9865","1.9708","-0.0033","EURAZN_2018-09-17",EURAZN
"2018-09-14","1.9886","1.9975","2.0032","1.9846","0.0027","EURAZN_2018-09-14",EURAZN
"2018-09-13","1.9832","1.9737","1.9872","1.9693","-0.0023","EURAZN_2018-09-13",EURAZN
"2018-09-12","1.9877","1.9841","1.9909","1.9771","0.0016","EURAZN_2018-09-12",EURAZN
"2018-09-11","1.9845","1.9823","1.9898","1.9779","0.0011","EURAZN_2018-09-11",EURAZN
"2018-09-10","1.9823","1.9765","1.9868","1.9696","0.0114","EURAZN_2018-09-10",EURAZN
"2018-09-07","1.9600","1.9720","1.9766","1.9595","-0.0059","EURAZN_2018-09-07",EURAZN
"2018-09-06","1.9716","1.9730","1.9782","1.9685","-0.0007","EURAZN_2018-09-06",EURAZN
"2018-09-05","1.9730","1.9647","1.9750","1.9582","0.0041","EURAZN_2018-09-05",EURAZN
"2018-09-04","1.9649","1.9718","1.9735","1.9557","-0.0037","EURAZN_2018-09-04",EURAZN
"2018-09-03","1.9721","1.9672","1.9730","1.9650","0.0018","EURAZN_2018-09-03",EURAZN
"2018-08-31","1.9685","1.9801","1.9835","1.9654","-0.0058","EURAZN_2018-08-31",EURAZN
"2018-08-30","1.9799","1.9860","1.9890","1.9747","-0.0032","EURAZN_2018-08-30",EURAZN
"2018-08-29","1.9863","1.9841","1.9889","1.9754","0.0011","EURAZN_2018-08-29",EURAZN
"2018-08-28","1.9841","1.9811","1.9913","1.9785","0.0015","EURAZN_2018-08-28",EURAZN
"2018-08-27","1.9811","1.9732","1.9855","1.9667","0.0048","EURAZN_2018-08-27",EURAZN
"2018-08-24","1.9717","1.9576","1.9765","1.9566","0.0072","EURAZN_2018-08-24",EURAZN
"2018-08-23","1.9577","1.9670","1.9698","1.9542","-0.0049","EURAZN_2018-08-23",EURAZN
"2018-08-22","1.9674","1.9628","1.9735","1.9596","0.0022","EURAZN_2018-08-22",EURAZN
"2018-08-21","1.9630","1.9480","1.9701","1.9475","0.0078","EURAZN_2018-08-21",EURAZN
"2018-08-20","1.9479","1.9433","1.9506","1.9329","0.0027","EURAZN_2018-08-20",EURAZN
"2018-08-17","1.9427","1.9319","1.9460","1.9179","0.0065","EURAZN_2018-08-17",EURAZN
"2018-08-16","1.9301","1.9247","1.9358","1.9230","0.0028","EURAZN_2018-08-16",EURAZN
"2018-08-15","1.9247","1.9245","1.9285","1.9169","0.0001","EURAZN_2018-08-15",EURAZN
"2018-08-14","1.9245","1.9357","1.9392","1.9221","-0.0086","EURAZN_2018-08-14",EURAZN
"2018-08-13","1.9412","1.9379","1.9454","1.9337","-0.0002","EURAZN_2018-08-13",EURAZN
"2018-08-10","1.9416","1.9613","1.9646","1.9370","-0.0100","EURAZN_2018-08-10",EURAZN
"2018-08-09","1.9613","1.9751","1.9777","1.9608","-0.0072","EURAZN_2018-08-09",EURAZN
"2018-08-08","1.9756","1.9734","1.9795","1.9688","0.0010","EURAZN_2018-08-08",EURAZN
"2018-08-07","1.9736","1.9661","1.9768","1.9568","0.0040","EURAZN_2018-08-07",EURAZN
"2018-08-06","1.9658","1.9689","1.9710","1.9614","-0.0012","EURAZN_2018-08-06",EURAZN
"2018-08-03","1.9682","1.9709","1.9774","1.9548","-0.0014","EURAZN_2018-08-03",EURAZN
"2018-08-02","1.9710","1.9839","1.9864","1.9603","-0.0066","EURAZN_2018-08-02",EURAZN
"2018-08-01","1.9840","1.9891","1.9932","1.9714","-0.0027","EURAZN_2018-08-01",EURAZN
"2018-07-31","1.9893","1.9918","2.0000","1.9876","-0.0013","EURAZN_2018-07-31",EURAZN
"2018-07-30","1.9918","1.9840","1.9966","1.9820","0.0042","EURAZN_2018-07-30",EURAZN
"2018-07-27","1.9835","1.9808","1.9869","1.9763","0.0013","EURAZN_2018-07-27",EURAZN
"2018-07-26","1.9809","1.9955","2.0006","1.9803","-0.0074","EURAZN_2018-07-26",EURAZN
"2018-07-25","1.9956","1.9882","1.9982","1.9845","0.0036","EURAZN_2018-07-25",EURAZN
"2018-07-24","1.9884","1.9893","1.9954","1.9753","-0.0005","EURAZN_2018-07-24",EURAZN
"2018-07-23","1.9894","1.9955","2.0002","1.9869","-0.0024","EURAZN_2018-07-23",EURAZN
"2018-07-20","1.9942","1.9813","1.9985","1.9782","0.0067","EURAZN_2018-07-20",EURAZN
"2018-07-19","1.9810","1.9806","1.9880","1.9693","0.0004","EURAZN_2018-07-19",EURAZN
"2018-07-18","1.9802","1.9841","1.9866","1.9741","-0.0020","EURAZN_2018-07-18",EURAZN
"2018-07-17","1.9842","1.9926","1.9986","1.9823","-0.0042","EURAZN_2018-07-17",EURAZN
"2018-07-16","1.9925","1.9890","1.9961","1.9760","0.0021","EURAZN_2018-07-16",EURAZN
"2018-07-13","1.9883","1.9856","1.9908","1.9756","0.0011","EURAZN_2018-07-13",EURAZN
"2018-07-12","1.9861","1.9863","1.9913","1.9820","-0.0002","EURAZN_2018-07-12",EURAZN
"2018-07-11","1.9864","1.9984","2.0015","1.9843","-0.0060","EURAZN_2018-07-11",EURAZN
"2018-07-10","1.9983","1.9994","2.0036","1.9891","-0.0006","EURAZN_2018-07-10",EURAZN
"2018-07-09","1.9994","1.9990","2.0078","1.9873","0.0003","EURAZN_2018-07-09",EURAZN
"2018-07-06","1.9988","1.9891","2.0025","1.9768","0.0048","EURAZN_2018-07-06",EURAZN
"2018-07-05","1.9892","1.9833","1.9957","1.9821","0.0030","EURAZN_2018-07-05",EURAZN
"2018-07-04","1.9833","1.9835","1.9884","1.9787","-0.0001","EURAZN_2018-07-04",EURAZN
"2018-07-03","1.9834","1.9806","1.9874","1.9669","0.0015","EURAZN_2018-07-03",EURAZN
"2018-07-02","1.9805","1.9823","1.9903","1.9645","-0.0039","EURAZN_2018-07-02",EURAZN
"2018-06-29","1.9882","1.9686","1.9916","1.9667","0.0100","EURAZN_2018-06-29",EURAZN
"2018-06-28","1.9685","1.9661","1.9750","1.9501","0.0013","EURAZN_2018-06-28",EURAZN
"2018-06-27","1.9659","1.9815","1.9862","1.9636","-0.0080","EURAZN_2018-06-27",EURAZN
"2018-06-26","1.9818","1.9912","1.9951","1.9796","-0.0048","EURAZN_2018-06-26",EURAZN
"2018-06-25","1.9914","1.9860","1.9936","1.9784","0.0040","EURAZN_2018-06-25",EURAZN
"2018-06-22","1.9834","1.9745","1.9872","1.9682","0.0046","EURAZN_2018-06-22",EURAZN
"2018-06-21","1.9743","1.9690","1.9806","1.9508","0.0027","EURAZN_2018-06-21",EURAZN
"2018-06-20","1.9690","1.9720","1.9754","1.9533","-0.0015","EURAZN_2018-06-20",EURAZN
"2018-06-19","1.9720","1.9778","1.9822","1.9619","-0.0028","EURAZN_2018-06-19",EURAZN
"2018-06-18","1.9776","1.9752","1.9793","1.9674","0.0012","EURAZN_2018-06-18",EURAZN
"2018-06-15","1.9753","1.9683","1.9806","1.9641","0.0035","EURAZN_2018-06-15",EURAZN
"2018-06-14","1.9685","2.0061","2.0166","1.9672","-0.0188","EURAZN_2018-06-14",EURAZN
"2018-06-13","2.0063","1.9985","2.0107","1.9809","0.0040","EURAZN_2018-06-13",EURAZN
"2018-06-12","1.9984","2.0050","2.0096","1.9912","-0.0033","EURAZN_2018-06-12",EURAZN
"2018-06-11","2.0051","2.0044","2.0120","1.9934","0.0014","EURAZN_2018-06-11",EURAZN
"2018-06-08","2.0023","2.0078","2.0107","1.9935","-0.0026","EURAZN_2018-06-08",EURAZN
"2018-06-07","2.0076","2.0058","2.0154","2.0031","-0.0032","EURAZN_2018-06-07",EURAZN
"2018-06-06","2.0141","2.0021","2.0162","1.9950","0.0102","EURAZN_2018-06-06",EURAZN
"2018-06-05","1.9938","1.9904","1.9982","1.9811","0.0017","EURAZN_2018-06-05",EURAZN
"2018-06-04","1.9905","1.9855","2.0012","1.9798","0.0033","EURAZN_2018-06-04",EURAZN
"2018-06-01","1.9840","1.9893","1.9937","1.9729","-0.0027","EURAZN_2018-06-01",EURAZN
"2018-05-31","1.9894","1.9860","1.9952","1.9808","-0.0024","EURAZN_2018-05-31",EURAZN
"2018-05-30","1.9941","1.9721","1.9956","1.9662","0.0156","EURAZN_2018-05-30",EURAZN
"2018-05-29","1.9635","1.9780","1.9817","1.9574","-0.0072","EURAZN_2018-05-29",EURAZN
"2018-05-28","1.9777","1.9836","1.9957","1.9748","-0.0025","EURAZN_2018-05-28",EURAZN
"2018-05-25","1.9826","1.9912","1.9937","1.9699","-0.0058","EURAZN_2018-05-25",EURAZN
"2018-05-24","1.9941","1.9873","2.0000","1.9867","-0.0020","EURAZN_2018-05-24",EURAZN
"2018-05-23","1.9980","2.0170","2.0185","1.9972","-0.0085","EURAZN_2018-05-23",EURAZN
"2018-05-22","2.0151","2.0149","2.0213","2.0085","0.0044","EURAZN_2018-05-22",EURAZN
"2018-05-21","2.0063","2.0028","2.0090","1.9936","0.0011","EURAZN_2018-05-21",EURAZN
"2018-05-18","2.0040","2.0071","2.0120","1.9990","-0.0013","EURAZN_2018-05-18",EURAZN
"2018-05-17","2.0067","2.0091","2.0162","1.9897","-0.0011","EURAZN_2018-05-17",EURAZN
"2018-05-16","2.0090","2.0103","2.0170","2.0013","-0.0066","EURAZN_2018-05-16",EURAZN
"2018-05-15","2.0224","2.0410","2.0432","2.0219","-0.0077","EURAZN_2018-05-15",EURAZN
"2018-05-14","2.0381","2.0415","2.0511","2.0307","0.0029","EURAZN_2018-05-14",EURAZN
"2018-05-11","2.0323","2.0277","2.0377","2.0151","0.0024","EURAZN_2018-05-11",EURAZN
"2018-05-10","2.0274","2.0166","2.0347","2.0152","0.0055","EURAZN_2018-05-10",EURAZN
"2018-05-09","2.0164","2.0183","2.0253","2.0114","-0.0011","EURAZN_2018-05-09",EURAZN
"2018-05-08","2.0187","2.0295","2.0320","2.0107","-0.0097","EURAZN_2018-05-08",EURAZN
"2018-05-07","2.0385","2.0423","2.0478","2.0175","0.0017","EURAZN_2018-05-07",EURAZN
"2018-05-04","2.0350","2.0399","2.0423","2.0267","-0.0024","EURAZN_2018-05-04",EURAZN
"2018-05-03","2.0398","2.0335","2.0454","2.0225","0.0031","EURAZN_2018-05-03",EURAZN
"2018-05-02","2.0335","2.0406","2.0475","2.0285","-0.0035","EURAZN_2018-05-02",EURAZN
"2018-05-01","2.0407","2.0548","2.0577","2.0345","-0.0070","EURAZN_2018-05-01",EURAZN
"2018-04-30","2.0551","2.0629","2.0665","2.0366","-0.0043","EURAZN_2018-04-30",EURAZN
"2018-04-27","2.0640","2.0596","2.0671","2.0513","0.0023","EURAZN_2018-04-27",EURAZN
"2018-04-26","2.0593","2.0692","2.0800","2.0545","-0.0048","EURAZN_2018-04-26",EURAZN
"2018-04-25","2.0692","2.0837","2.0850","2.0603","-0.0065","EURAZN_2018-04-25",EURAZN
"2018-04-24","2.0827","2.0786","2.0850","2.0609","0.0020","EURAZN_2018-04-24",EURAZN
"2018-04-23","2.0786","2.0921","2.0927","2.0767","-0.0064","EURAZN_2018-04-23",EURAZN
"2018-04-20","2.0920","2.1019","2.1031","2.0806","-0.0047","EURAZN_2018-04-20",EURAZN
"2018-04-19","2.1019","2.1065","2.1114","2.0990","-0.0022","EURAZN_2018-04-19",EURAZN
"2018-04-18","2.1066","2.1059","2.1108","2.0865","-0.0046","EURAZN_2018-04-18",EURAZN
"2018-04-17","2.1163","2.1177","2.1236","2.1097","0.0041","EURAZN_2018-04-17",EURAZN
"2018-04-16","2.1077","2.0993","2.1109","2.0823","0.0040","EURAZN_2018-04-16",EURAZN
"2018-04-13","2.0993","2.0678","2.1031","2.0661","0.0003","EURAZN_2018-04-13",EURAZN
"2018-04-12","2.0987","2.1056","2.1078","2.0634","-0.0032","EURAZN_2018-04-12",EURAZN
"2018-04-11","2.1055","2.1038","2.1102","2.0712","0.0009","EURAZN_2018-04-11",EURAZN
"2018-04-10","2.1036","2.0977","2.1068","2.0639","0.0029","EURAZN_2018-04-10",EURAZN
"2018-04-09","2.0976","2.0903","2.0993","2.0570","0.0031","EURAZN_2018-04-09",EURAZN
"2018-04-06","2.0911","2.0838","2.0934","2.0516","0.0035","EURAZN_2018-04-06",EURAZN
"2018-04-05","2.0838","2.0903","2.0928","2.0798","-0.0031","EURAZN_2018-04-05",EURAZN
"2018-04-04","2.0903","2.0890","2.0966","2.0865","0.0006","EURAZN_2018-04-04",EURAZN
"2018-04-03","2.0890","2.0945","2.1000","2.0659","-0.0026","EURAZN_2018-04-03",EURAZN
"2018-04-02","2.0945","2.0979","2.1035","2.0863","-0.0016","EURAZN_2018-04-02",EURAZN
"2018-03-30","2.0979","2.0940","2.0994","2.0928","0.0017","EURAZN_2018-03-30",EURAZN
"2018-03-29","2.0943","2.0955","2.1004","2.0877","-0.0006","EURAZN_2018-03-29",EURAZN
"2018-03-28","2.0955","2.1115","2.1151","2.0932","-0.0077","EURAZN_2018-03-28",EURAZN
"2018-03-27","2.1117","2.1174","2.1244","2.0878","-0.0073","EURAZN_2018-03-27",EURAZN
"2018-03-26","2.1273","2.1138","2.1319","2.1126","0.0115","EURAZN_2018-03-26",EURAZN
"2018-03-23","2.1031","2.0945","2.1081","2.0943","0.0041","EURAZN_2018-03-23",EURAZN
"2018-03-22","2.0945","2.1006","2.1094","2.0915","-0.0029","EURAZN_2018-03-22",EURAZN
"2018-03-21","2.1006","2.0842","2.1037","2.0840","0.0079","EURAZN_2018-03-21",EURAZN
"2018-03-20","2.0842","2.0999","2.1035","2.0837","-0.0075","EURAZN_2018-03-20",EURAZN
"2018-03-19","2.1000","2.0902","2.1031","2.0870","0.0037","EURAZN_2018-03-19",EURAZN
"2018-03-16","2.0923","2.0949","2.1005","2.0867","-0.0012","EURAZN_2018-03-16",EURAZN
"2018-03-15","2.0949","2.1052","2.1082","2.0939","-0.0050","EURAZN_2018-03-15",EURAZN
"2018-03-14","2.1055","2.1108","2.1147","2.1021","-0.0072","EURAZN_2018-03-14",EURAZN
"2018-03-13","2.1208","2.1105","2.1239","2.0827","0.0099","EURAZN_2018-03-13",EURAZN
"2018-03-12","2.1000","2.0974","2.1033","2.0896","0.0022","EURAZN_2018-03-12",EURAZN
"2018-03-09","2.0953","2.0960","2.1002","2.0894","-0.0004","EURAZN_2018-03-09",EURAZN
"2018-03-08","2.0961","2.1134","2.1187","2.0925","-0.0080","EURAZN_2018-03-08",EURAZN
"2018-03-07","2.1130","2.1117","2.1187","2.1086","0.0006","EURAZN_2018-03-07",EURAZN
"2018-03-06","2.1117","2.1002","2.1162","2.0989","0.0055","EURAZN_2018-03-06",EURAZN
"2018-03-05","2.1002","2.0981","2.1054","2.0887","-0.0034","EURAZN_2018-03-05",EURAZN
"2018-03-02","2.1073","2.0985","2.1105","2.0958","0.0040","EURAZN_2018-03-02",EURAZN
"2018-03-01","2.0988","2.0861","2.0993","2.0779","0.0110","EURAZN_2018-03-01",EURAZN
"2018-02-28","2.0760","2.0828","2.0843","2.0750","-0.0032","EURAZN_2018-02-28",EURAZN
"2018-02-27","2.0827","2.0970","2.1021","2.0795","-0.0117","EURAZN_2018-02-27",EURAZN
"2018-02-26","2.1073","2.1042","2.1136","2.1002","0.0025","EURAZN_2018-02-26",EURAZN
"2018-02-23","2.1021","2.1090","2.1103","2.0987","0.0013","EURAZN_2018-02-23",EURAZN
"2018-02-22","2.0993","2.0911","2.1032","2.0870","0.0038","EURAZN_2018-02-22",EURAZN
"2018-02-21","2.0913","2.1006","2.1033","2.0896","-0.0044","EURAZN_2018-02-21",EURAZN
"2018-02-20","2.1006","2.1115","2.1130","2.0960","-0.0099","EURAZN_2018-02-20",EURAZN
"2018-02-19","2.1215","2.1218","2.1267","2.0956","0.0001","EURAZN_2018-02-19",EURAZN
"2018-02-16","2.1212","2.1393","2.1475","2.0951","-0.0038","EURAZN_2018-02-16",EURAZN
"2018-02-15","2.1292","2.1195","2.1300","2.1191","0.0045","EURAZN_2018-02-15",EURAZN
"2018-02-14","2.1196","2.1010","2.1225","2.0890","0.0035","EURAZN_2018-02-14",EURAZN
"2018-02-13","2.1123","2.1044","2.1192","2.1030","0.0045","EURAZN_2018-02-13",EURAZN
"2018-02-12","2.1029","2.0964","2.1038","2.0758","0.0046","EURAZN_2018-02-12",EURAZN
"2018-02-09","2.0932","2.0948","2.1022","2.0728","0.0039","EURAZN_2018-02-09",EURAZN
"2018-02-08","2.0850","2.0880","2.0945","2.0640","-0.0015","EURAZN_2018-02-08",EURAZN
"2018-02-07","2.0881","2.1064","2.1134","2.0817","-0.0140","EURAZN_2018-02-07",EURAZN
"2018-02-06","2.1178","2.1147","2.1282","2.0926","0.0048","EURAZN_2018-02-06",EURAZN
"2018-02-05","2.1077","2.1248","2.1282","2.0989","-0.0114","EURAZN_2018-02-05",EURAZN
"2018-02-02","2.1320","2.1389","2.1430","2.1123","-0.0033","EURAZN_2018-02-02",EURAZN
"2018-02-01","2.1391","2.1227","2.1437","2.0882","0.0072","EURAZN_2018-02-01",EURAZN
"2018-01-31","2.1238","2.1220","2.1351","2.1027","0.0057","EURAZN_2018-01-31",EURAZN
"2018-01-30","2.1118","2.1082","2.1215","2.0725","-0.0032","EURAZN_2018-01-30",EURAZN
"2018-01-29","2.1185","2.1260","2.1282","2.0911","-0.0031","EURAZN_2018-01-29",EURAZN
"2018-01-26","2.1250","2.1231","2.1387","2.1019","0.0008","EURAZN_2018-01-26",EURAZN
"2018-01-25","2.1233","2.1239","2.1448","2.0897","-0.0004","EURAZN_2018-01-25",EURAZN
"2018-01-24","2.1241","2.1040","2.1256","2.0803","0.0091","EURAZN_2018-01-24",EURAZN
"2018-01-23","2.1050","2.1004","2.1081","2.0736","0.0080","EURAZN_2018-01-23",EURAZN
"2018-01-22","2.0882","2.0893","2.0907","2.0491","-0.0019","EURAZN_2018-01-22",EURAZN
"2018-01-19","2.0921","2.0946","2.1047","2.0731","0.0038","EURAZN_2018-01-19",EURAZN
"2018-01-18","2.0842","2.0712","2.0883","2.0525","0.0004","EURAZN_2018-01-18",EURAZN
"2018-01-17","2.0833","2.0973","2.1082","2.0704","-0.0062","EURAZN_2018-01-17",EURAZN
"2018-01-16","2.0964","2.0970","2.1025","2.0730","-0.0002","EURAZN_2018-01-16",EURAZN
"2018-01-15","2.0968","2.0857","2.1050","2.0572","0.0062","EURAZN_2018-01-15",EURAZN
"2018-01-12","2.0838","2.0589","2.0859","2.0362","0.0123","EURAZN_2018-01-12",EURAZN
"2018-01-11","2.0585","2.0439","2.0643","2.0182","0.0071","EURAZN_2018-01-11",EURAZN
"2018-01-10","2.0440","2.0434","2.0572","2.0173","0.0055","EURAZN_2018-01-10",EURAZN
"2018-01-09","2.0329","2.0380","2.0397","2.0108","-0.0025","EURAZN_2018-01-09",EURAZN
"2018-01-08","2.0380","2.0462","2.0527","2.0199","-0.0092","EURAZN_2018-01-08",EURAZN
"2018-01-05","2.0570","2.0657","2.0686","2.0410","0.0009","EURAZN_2018-01-05",EURAZN
"2018-01-04","2.0552","2.0458","2.0587","2.0211","0.0044","EURAZN_2018-01-04",EURAZN
"2018-01-03","2.0461","2.0535","2.0551","2.0415","-0.0037","EURAZN_2018-01-03",EURAZN
"2018-01-02","2.0537","2.0423","2.0579","2.0406","0.0006","EURAZN_2018-01-02",EURAZN
"2018-01-01","2.0524","2.0511","2.0530","2.0497","0.0010","EURAZN_2018-01-01",EURAZN
"2017-12-29","2.0503","2.0444","2.0591","2.0147","0.0081","EURAZN_2017-12-29",EURAZN
"2017-12-28","2.0339","1.9937","2.0369","1.9937","0.0064","EURAZN_2017-12-28",EURAZN
"2017-12-27","2.0210","2.0469","2.0551","2.0171","0.0007","EURAZN_2017-12-27",EURAZN
"2017-12-26","2.0195","2.0188","2.0224","1.9958","-0.0049","EURAZN_2017-12-26",EURAZN
"2017-12-25","2.0295","1.9991","2.0316","1.9963","0.0009","EURAZN_2017-12-25",EURAZN
"2017-12-22","2.0276","2.0326","2.0328","1.9941","0.0027","EURAZN_2017-12-22",EURAZN
"2017-12-21","2.0221","2.0191","2.0248","1.9956","-0.0038","EURAZN_2017-12-21",EURAZN
"2017-12-20","2.0299","2.0265","2.0372","2.0004","0.0067","EURAZN_2017-12-20",EURAZN
"2017-12-19","2.0164","2.0065","2.0183","2.0034","0.0050","EURAZN_2017-12-19",EURAZN
"2017-12-18","2.0064","1.9994","2.0153","1.9766","-0.0016","EURAZN_2017-12-18",EURAZN
"2017-12-15","2.0097","2.0139","2.0221","1.9921","-0.0021","EURAZN_2017-12-15",EURAZN
"2017-12-14","2.0139","2.0242","2.0305","1.9970","-0.0041","EURAZN_2017-12-14",EURAZN
"2017-12-13","2.0221","2.0078","2.0248","1.9869","0.0072","EURAZN_2017-12-13",EURAZN
"2017-12-12","2.0076","2.0110","2.0158","1.9827","-0.0017","EURAZN_2017-12-12",EURAZN
"2017-12-11","2.0111","2.0111","2.0198","1.9916","0.0004","EURAZN_2017-12-11",EURAZN
"2017-12-08","2.0103","1.9845","2.0124","1.9772","0.0044","EURAZN_2017-12-08",EURAZN
"2017-12-07","2.0015","2.0053","2.0366","2.0013","-0.0019","EURAZN_2017-12-07",EURAZN
"2017-12-06","2.0053","2.0103","2.0423","2.0029","-0.0025","EURAZN_2017-12-06",EURAZN
"2017-12-05","2.0104","2.0171","2.0465","2.0062","-0.0034","EURAZN_2017-12-05",EURAZN
"2017-12-04","2.0173","2.0473","2.0488","2.0112","-0.0072","EURAZN_2017-12-04",EURAZN
"2017-12-01","2.0320","2.0366","2.0419","2.0144","-0.0023","EURAZN_2017-12-01",EURAZN
"2017-11-30","2.0366","2.0207","2.0405","2.0051","0.0063","EURAZN_2017-11-30",EURAZN
"2017-11-29","2.0239","2.0288","2.0346","2.0154","-0.0010","EURAZN_2017-11-29",EURAZN
"2017-11-28","2.0259","2.0342","2.0367","2.0128","-0.0042","EURAZN_2017-11-28",EURAZN
"2017-11-27","2.0344","2.0416","2.0458","2.0167","-0.0033","EURAZN_2017-11-27",EURAZN
"2017-11-24","2.0412","2.0177","2.0455","1.9965","0.0140","EURAZN_2017-11-24",EURAZN
"2017-11-23","2.0130","1.9878","2.0231","1.9863","0.0016","EURAZN_2017-11-23",EURAZN
"2017-11-22","2.0097","2.0158","2.0406","1.9954","0.0080","EURAZN_2017-11-22",EURAZN
"2017-11-21","1.9937","2.0023","2.0057","1.9741","-0.0068","EURAZN_2017-11-21",EURAZN
"2017-11-20","2.0074","2.0183","2.0198","1.9834","-0.0058","EURAZN_2017-11-20",EURAZN
"2017-11-17","2.0192","2.0128","2.0217","1.9892","0.0033","EURAZN_2017-11-17",EURAZN
"2017-11-16","2.0126","2.0077","2.0173","1.9902","0.0049","EURAZN_2017-11-16",EURAZN
"2017-11-15","2.0028","2.0089","2.0224","1.9863","-0.0019","EURAZN_2017-11-15",EURAZN
"2017-11-14","2.0067","1.9904","2.0136","1.9593","0.0048","EURAZN_2017-11-14",EURAZN
"2017-11-13","1.9972","1.9937","1.9983","1.9688","0.0018","EURAZN_2017-11-13",EURAZN
"2017-11-10","1.9936","1.9924","1.9964","1.9674","0.0006","EURAZN_2017-11-10",EURAZN
"2017-11-09","1.9924","1.9828","1.9945","1.9730","0.0048","EURAZN_2017-11-09",EURAZN
"2017-11-08","1.9829","1.9827","1.9858","1.9547","0.0049","EURAZN_2017-11-08",EURAZN
"2017-11-07","1.9732","1.9673","1.9737","1.9402","0.0006","EURAZN_2017-11-07",EURAZN
"2017-11-06","1.9720","1.9803","1.9830","1.9514","-0.0066","EURAZN_2017-11-06",EURAZN
"2017-11-03","1.9852","1.9853","1.9991","1.9703","0.0025","EURAZN_2017-11-03",EURAZN
"2017-11-02","1.9802","1.9831","1.9938","1.9638","-0.0040","EURAZN_2017-11-02",EURAZN
"2017-11-01","1.9881","1.9829","1.9932","1.9611","0.0051","EURAZN_2017-11-01",EURAZN
"2017-10-31","1.9781","1.9789","1.9942","1.9560","-0.0004","EURAZN_2017-10-31",EURAZN
"2017-10-30","1.9789","1.9790","1.9947","1.9546","-0.0031","EURAZN_2017-10-30",EURAZN
"2017-10-27","1.9851","1.9896","1.9911","1.9635","-0.0023","EURAZN_2017-10-27",EURAZN
"2017-10-26","1.9897","2.0109","2.0238","1.9834","-0.0084","EURAZN_2017-10-26",EURAZN
"2017-10-25","2.0065","2.0084","2.0170","1.9813","-0.0029","EURAZN_2017-10-25",EURAZN
"2017-10-24","2.0124","2.0078","2.0179","1.9864","0.0017","EURAZN_2017-10-24",EURAZN
"2017-10-23","2.0090","2.0130","2.0145","1.9828","-0.0031","EURAZN_2017-10-23",EURAZN
"2017-10-20","2.0152","2.0179","2.0284","1.9933","0.0011","EURAZN_2017-10-20",EURAZN
"2017-10-19","2.0130","2.0107","2.0229","1.9897","-0.0012","EURAZN_2017-10-19",EURAZN
"2017-10-18","2.0154","2.0109","2.0200","1.9973","0.0019","EURAZN_2017-10-18",EURAZN
"2017-10-17","2.0116","2.0182","2.0224","1.9886","-0.0028","EURAZN_2017-10-17",EURAZN
"2017-10-16","2.0173","2.0234","2.0280","1.9918","-0.0024","EURAZN_2017-10-16",EURAZN
"2017-10-13","2.0221","2.0253","2.0344","2.0033","-0.0010","EURAZN_2017-10-13",EURAZN
"2017-10-12","2.0242","2.0274","2.0383","2.0082","-0.0020","EURAZN_2017-10-12",EURAZN
"2017-10-11","2.0282","2.0154","2.0339","2.0006","0.0054","EURAZN_2017-10-11",EURAZN
"2017-10-10","2.0173","2.0130","2.0257","1.9860","0.0037","EURAZN_2017-10-10",EURAZN
"2017-10-09","2.0099","2.0067","2.0162","1.9782","0.0011","EURAZN_2017-10-09",EURAZN
"2017-10-06","2.0076","2.0036","2.0105","1.9768","0.0019","EURAZN_2017-10-06",EURAZN
"2017-10-05","2.0037","2.0098","2.0213","1.9861","-0.0038","EURAZN_2017-10-05",EURAZN
"2017-10-04","2.0113","2.0056","2.0210","1.9815","0.0004","EURAZN_2017-10-04",EURAZN
"2017-10-03","2.0105","2.0122","2.0246","1.9783","0.0021","EURAZN_2017-10-03",EURAZN
"2017-10-02","2.0063","2.0230","2.0230","1.9824","-0.0071","EURAZN_2017-10-02",EURAZN
"2017-09-29","2.0207","2.0214","2.0329","1.9870","0.0009","EURAZN_2017-09-29",EURAZN
"2017-09-28","2.0189","2.0084","2.0224","1.9765","0.0052","EURAZN_2017-09-28",EURAZN
"2017-09-27","2.0084","2.0128","2.0242","1.9810","-0.0051","EURAZN_2017-09-27",EURAZN
"2017-09-26","2.0187","2.0314","2.0419","2.0030","-0.0040","EURAZN_2017-09-26",EURAZN
"2017-09-25","2.0269","2.0697","2.0711","2.0076","-0.0094","EURAZN_2017-09-25",EURAZN
"2017-09-22","2.0461","2.0427","2.0690","2.0162","0.0017","EURAZN_2017-09-22",EURAZN
"2017-09-21","2.0427","2.0356","2.0461","2.0027","0.0036","EURAZN_2017-09-21",EURAZN
"2017-09-20","2.0354","2.0526","2.0623","2.0227","-0.0084","EURAZN_2017-09-20",EURAZN
"2017-09-19","2.0527","2.0449","2.0609","2.0154","0.0040","EURAZN_2017-09-19",EURAZN
"2017-09-18","2.0446","2.0473","2.0547","2.0130","0.0070","EURAZN_2017-09-18",EURAZN
"2017-09-15","2.0303","2.0263","2.0695","2.0233","0.0020","EURAZN_2017-09-15",EURAZN
"2017-09-14","2.0263","2.0204","2.0558","2.0126","0.0028","EURAZN_2017-09-14",EURAZN
"2017-09-13","2.0207","2.0581","2.0758","2.0184","-0.0126","EURAZN_2017-09-13",EURAZN
"2017-09-12","2.0465","2.0524","2.0604","2.0196","-0.0003","EURAZN_2017-09-12",EURAZN
"2017-09-11","2.0471","2.0608","2.0652","2.0213","-0.0063","EURAZN_2017-09-11",EURAZN
"2017-09-08","2.0600","2.0565","2.0725","2.0256","-0.0029","EURAZN_2017-09-08",EURAZN
"2017-09-07","2.0659","2.0478","2.0739","2.0183","0.0090","EURAZN_2017-09-07",EURAZN
"2017-09-06","2.0474","2.0469","2.0575","2.0176","0.0045","EURAZN_2017-09-06",EURAZN
"2017-09-05","2.0382","2.0380","2.0457","2.0029","0.0003","EURAZN_2017-09-05",EURAZN
"2017-09-04","2.0375","2.0322","2.0468","2.0314","0.0025","EURAZN_2017-09-04",EURAZN
"2017-09-01","2.0324","2.0372","2.0566","2.0276","-0.0065","EURAZN_2017-09-01",EURAZN
"2017-08-31","2.0456","2.0350","2.0524","2.0018","0.0039","EURAZN_2017-08-31",EURAZN
"2017-08-30","2.0377","2.0522","2.0686","2.0198","-0.0016","EURAZN_2017-08-30",EURAZN
"2017-08-29","2.0409","2.0417","2.0654","2.0262","-0.0005","EURAZN_2017-08-29",EURAZN
"2017-08-28","2.0420","2.0295","2.0504","2.0098","-0.0026","EURAZN_2017-08-28",EURAZN
"2017-08-25","2.0473","2.0168","2.0483","2.0135","0.0191","EURAZN_2017-08-25",EURAZN
"2017-08-24","2.0090","2.0179","2.0278","1.9872","-0.0084","EURAZN_2017-08-24",EURAZN
"2017-08-23","2.0261","2.0185","2.0301","1.9815","0.0040","EURAZN_2017-08-23",EURAZN
"2017-08-22","2.0180","2.0299","2.0353","1.9948","-0.0050","EURAZN_2017-08-22",EURAZN
"2017-08-21","2.0281","2.0178","2.0305","1.9834","-0.0001","EURAZN_2017-08-21",EURAZN
"2017-08-18","2.0283","2.0236","2.0313","1.9768","0.0028","EURAZN_2017-08-18",EURAZN
"2017-08-17","2.0227","2.0297","2.0303","1.9842","-0.0033","EURAZN_2017-08-17",EURAZN
"2017-08-16","2.0293","2.0080","2.0301","1.9691","0.0074","EURAZN_2017-08-16",EURAZN
"2017-08-15","2.0143","2.0377","2.0384","1.9844","-0.0085","EURAZN_2017-08-15",EURAZN
"2017-08-14","2.0316","2.0214","2.0323","1.9867","0.0110","EURAZN_2017-08-14",EURAZN
"2017-08-11","2.0095","2.0316","2.0442","1.9972","-0.0055","EURAZN_2017-08-11",EURAZN
"2017-08-10","2.0206","2.0382","2.0389","1.9840","-0.0046","EURAZN_2017-08-10",EURAZN
"2017-08-09","2.0299","2.0074","2.0303","1.9682","0.0058","EURAZN_2017-08-09",EURAZN
"2017-08-08","2.0181","2.0293","2.0366","1.9976","-0.0044","EURAZN_2017-08-08",EURAZN
"2017-08-07","2.0271","2.0214","2.0341","1.9923","0.0026","EURAZN_2017-08-07",EURAZN
"2017-08-04","2.0219","2.0361","2.0470","1.9995","-0.0080","EURAZN_2017-08-04",EURAZN
"2017-08-03","2.0383","2.0385","2.0454","2.0025","0.0009","EURAZN_2017-08-03",EURAZN
"2017-08-02","2.0364","2.0272","2.0457","1.9984","0.0046","EURAZN_2017-08-02",EURAZN
"2017-08-01","2.0271","2.0325","2.0373","1.9960","-0.0028","EURAZN_2017-08-01",EURAZN
"2017-07-31","2.0328","2.0103","2.0337","1.9827","0.0100","EURAZN_2017-07-31",EURAZN
"2017-07-28","2.0127","2.0040","2.0171","1.9781","0.0039","EURAZN_2017-07-28",EURAZN
"2017-07-27","2.0049","2.0057","2.0253","1.9772","-0.0025","EURAZN_2017-07-27",EURAZN
"2017-07-26","2.0099","2.0002","2.0200","1.9989","0.0066","EURAZN_2017-07-26",EURAZN
"2017-07-25","1.9967","1.9993","2.0147","1.9745","-0.0005","EURAZN_2017-07-25",EURAZN
"2017-07-24","1.9976","1.9982","2.0117","1.9673","-0.0001","EURAZN_2017-07-24",EURAZN
"2017-07-21","1.9978","1.9949","2.0111","1.9672","0.0004","EURAZN_2017-07-21",EURAZN
"2017-07-20","1.9970","1.9762","2.0067","1.9494","0.0106","EURAZN_2017-07-20",EURAZN
"2017-07-19","1.9760","1.9892","1.9905","1.9516","-0.0057","EURAZN_2017-07-19",EURAZN
"2017-07-18","1.9873","1.9734","1.9926","1.9464","0.0072","EURAZN_2017-07-18",EURAZN
"2017-07-17","1.9731","1.9681","1.9765","1.9354","0.0020","EURAZN_2017-07-17",EURAZN
"2017-07-14","1.9691","1.9584","1.9710","1.9283","0.0057","EURAZN_2017-07-14",EURAZN
"2017-07-13","1.9580","1.9604","1.9739","1.9348","-0.0012","EURAZN_2017-07-13",EURAZN
"2017-07-12","1.9603","1.9669","1.9780","1.9345","-0.0039","EURAZN_2017-07-12",EURAZN
"2017-07-11","1.9679","1.9510","1.9708","1.9255","0.0074","EURAZN_2017-07-11",EURAZN
"2017-07-10","1.9535","1.9396","1.9708","1.9393","0.0015","EURAZN_2017-07-10",EURAZN
"2017-07-07","1.9506","1.9708","1.9820","1.9424","-0.0037","EURAZN_2017-07-07",EURAZN
"2017-07-06","1.9579","1.9394","1.9641","1.9168","0.0058","EURAZN_2017-07-06",EURAZN
"2017-07-05","1.9466","1.9544","1.9666","1.9204","-0.0001","EURAZN_2017-07-05",EURAZN
"2017-07-04","1.9467","1.9578","1.9605","1.9458","0.0021","EURAZN_2017-07-04",EURAZN
"2017-07-03","1.9426","1.9474","1.9474","1.9426","-0.0092","EURAZN_2017-07-03",EURAZN
"2017-06-30","1.9606","1.9647","1.9720","1.9283","-0.0019","EURAZN_2017-06-30",EURAZN
"2017-06-29","1.9643","1.9544","1.9669","1.9259","0.0050","EURAZN_2017-06-29",EURAZN
"2017-06-28","1.9546","1.9462","1.9625","1.9412","0.0039","EURAZN_2017-06-28",EURAZN
"2017-06-27","1.9471","1.9206","1.9511","1.9206","0.0133","EURAZN_2017-06-27",EURAZN
"2017-06-26","1.9215","1.9277","1.9336","1.9213","0.0097","EURAZN_2017-06-26",EURAZN
"2017-06-23","1.9030","1.9225","1.9383","1.8980","-0.0059","EURAZN_2017-06-23",EURAZN
"2017-06-22","1.9143","1.9195","1.9282","1.8883","-0.0017","EURAZN_2017-06-22",EURAZN
"2017-06-21","1.9175","1.9131","1.9194","1.8815","0.0024","EURAZN_2017-06-21",EURAZN
"2017-06-20","1.9129","1.9147","1.9238","1.8838","-0.0015","EURAZN_2017-06-20",EURAZN
"2017-06-19","1.9158","1.9264","1.9333","1.8897","-0.0047","EURAZN_2017-06-19",EURAZN
"2017-06-16","1.9249","1.9121","1.9270","1.8854","0.0055","EURAZN_2017-06-16",EURAZN
"2017-06-15","1.9143","1.9197","1.9365","1.9143","-0.0030","EURAZN_2017-06-15",EURAZN
"2017-06-14","1.9201","1.9237","1.9447","1.8983","-0.0007","EURAZN_2017-06-14",EURAZN
"2017-06-13","1.9214","1.9206","1.9340","1.8815","-0.0001","EURAZN_2017-06-13",EURAZN
"2017-06-12","1.9216","1.9179","1.9367","1.8969","0.0026","EURAZN_2017-06-12",EURAZN
"2017-06-09","1.9166","1.9180","1.9326","1.8889","-0.0005","EURAZN_2017-06-09",EURAZN
"2017-06-08","1.9176","1.9238","1.9416","1.9033","-0.0032","EURAZN_2017-06-08",EURAZN
"2017-06-07","1.9238","1.9282","1.9416","1.8946","-0.0023","EURAZN_2017-06-07",EURAZN
"2017-06-06","1.9283","1.9220","1.9431","1.9062","0.0032","EURAZN_2017-06-06",EURAZN
"2017-06-05","1.9221","1.9263","1.9434","1.9046","-0.0024","EURAZN_2017-06-05",EURAZN
"2017-06-02","1.9268","1.9151","1.9349","1.8858","0.0062","EURAZN_2017-06-02",EURAZN
"2017-06-01","1.9149","1.9322","1.9382","1.8830","-0.0091","EURAZN_2017-06-01",EURAZN
"2017-05-31","1.9325","1.9197","1.9344","1.8772","0.0062","EURAZN_2017-05-31",EURAZN
"2017-05-30","1.9206","1.9204","1.9296","1.8685","0.0006","EURAZN_2017-05-30",EURAZN
"2017-05-29","1.9194","1.9208","1.9280","1.9179","-0.0011","EURAZN_2017-05-29",EURAZN
"2017-05-26","1.9215","1.9279","1.9328","1.8786","-0.0034","EURAZN_2017-05-26",EURAZN
"2017-05-25","1.9280","1.9259","1.9385","1.8883","-0.0001","EURAZN_2017-05-25",EURAZN
"2017-05-24","1.9281","1.9241","1.9324","1.8695","0.0028","EURAZN_2017-05-24",EURAZN
"2017-05-23","1.9228","1.9276","1.9425","1.8758","-0.0032","EURAZN_2017-05-23",EURAZN
"2017-05-22","1.9289","1.9265","1.9398","1.8711","0.0018","EURAZN_2017-05-22",EURAZN
"2017-05-19","1.9255","1.9039","1.9277","1.8580","0.0103","EURAZN_2017-05-19",EURAZN
"2017-05-18","1.9058","1.9191","1.9253","1.8580","-0.0058","EURAZN_2017-05-18",EURAZN
"2017-05-17","1.9169","1.9025","1.9177","1.8377","0.0070","EURAZN_2017-05-17",EURAZN
"2017-05-16","1.9035","1.8861","1.9082","1.8376","0.0100","EURAZN_2017-05-16",EURAZN
"2017-05-15","1.8847","1.8774","1.8923","1.8093","0.0035","EURAZN_2017-05-15",EURAZN
"2017-05-12","1.8782","1.8679","1.8803","1.7978","0.0057","EURAZN_2017-05-12",EURAZN
"2017-05-11","1.8675","1.8686","1.8773","1.7994","-0.0006","EURAZN_2017-05-11",EURAZN
"2017-05-10","1.8686","1.8696","1.8784","1.8021","-0.0005","EURAZN_2017-05-10",EURAZN
"2017-05-09","1.8696","1.8725","1.8838","1.8585","-0.0033","EURAZN_2017-05-09",EURAZN
"2017-05-08","1.8758","1.8928","1.8973","1.8202","-0.0069","EURAZN_2017-05-08",EURAZN
"2017-05-05","1.8889","1.8916","1.8947","1.8169","-0.0003","EURAZN_2017-05-05",EURAZN
"2017-05-04","1.8895","1.8657","1.8900","1.8034","0.0105","EURAZN_2017-05-04",EURAZN
"2017-05-03","1.8698","1.8823","1.8885","1.8113","-0.0044","EURAZN_2017-05-03",EURAZN
"2017-05-02","1.8780","1.8729","1.8830","1.8056","0.0028","EURAZN_2017-05-02",EURAZN
"2017-05-01","1.8727","1.8739","1.8823","1.8027","0.0005","EURAZN_2017-05-01",EURAZN
"2017-04-28","1.8717","1.8753","1.8908","1.8027","0.0007","EURAZN_2017-04-28",EURAZN
"2017-04-27","1.8704","1.8756","1.8806","1.8039","-0.0028","EURAZN_2017-04-27",EURAZN
"2017-04-26","1.8757","1.8778","1.8869","1.8116","-0.0013","EURAZN_2017-04-26",EURAZN
"2017-04-25","1.8781","1.8682","1.8823","1.7988","0.0054","EURAZN_2017-04-25",EURAZN
"2017-04-24","1.8680","1.8769","1.8795","1.7933","0.0130","EURAZN_2017-04-24",EURAZN
"2017-04-21","1.8441","1.8422","1.8503","1.8363","0.0010","EURAZN_2017-04-21",EURAZN
"2017-04-20","1.8423","1.8387","1.8568","1.8379","0.0012","EURAZN_2017-04-20",EURAZN
"2017-04-19","1.8401","1.8507","1.8511","1.8366","-0.0023","EURAZN_2017-04-19",EURAZN
"2017-04-18","1.8443","1.8308","1.8528","1.8244","0.0079","EURAZN_2017-04-18",EURAZN
"2017-04-17","1.8298","1.8261","1.8327","1.8234","0.0035","EURAZN_2017-04-17",EURAZN
"2017-04-14","1.8234","1.8262","1.8299","1.8232","-0.0016","EURAZN_2017-04-14",EURAZN
"2017-04-13","1.8263","1.8261","1.8300","1.8192","-0.0002","EURAZN_2017-04-13",EURAZN
"2017-04-12","1.8267","1.7903","1.8286","1.7885","0.0208","EURAZN_2017-04-12",EURAZN
"2017-04-11","1.7895","1.7891","1.7953","1.7355","-0.0001","EURAZN_2017-04-11",EURAZN
"2017-04-10","1.7896","1.8250","1.8271","1.7893","-0.0191","EURAZN_2017-04-10",EURAZN
"2017-04-07","1.8244","1.8310","1.8377","1.7748","-0.0049","EURAZN_2017-04-07",EURAZN
"2017-04-06","1.8333","1.8381","1.8556","1.7993","-0.0015","EURAZN_2017-04-06",EURAZN
"2017-04-05","1.8360","1.8584","1.8882","1.8024","-0.0128","EURAZN_2017-04-05",EURAZN
"2017-04-04","1.8598","1.8554","1.8877","1.8115","0.0021","EURAZN_2017-04-04",EURAZN
"2017-04-03","1.8559","1.8592","1.8631","1.8134","0.0000","EURAZN_2017-04-03",EURAZN
"2017-03-31","1.8559","1.8614","1.8658","1.8114","-0.0028","EURAZN_2017-03-31",EURAZN
"2017-03-30","1.8612","1.8728","1.8740","1.8196","-0.0064","EURAZN_2017-03-30",EURAZN
"2017-03-29","1.8732","1.8787","1.8814","1.8179","-0.0032","EURAZN_2017-03-29",EURAZN
"2017-03-28","1.8792","1.8866","1.9225","1.8346","-0.0048","EURAZN_2017-03-28",EURAZN
"2017-03-27","1.8883","1.8788","1.9262","1.8350","0.0055","EURAZN_2017-03-27",EURAZN
"2017-03-24","1.8779","1.8722","1.8824","1.8704","0.0025","EURAZN_2017-03-24",EURAZN
"2017-03-23","1.8733","1.8788","1.9118","1.8709","-0.0023","EURAZN_2017-03-23",EURAZN
"2017-03-22","1.8776","1.8796","1.8836","1.8585","-0.0013","EURAZN_2017-03-22",EURAZN
"2017-03-21","1.8800","1.8678","1.8829","1.8643","0.0067","EURAZN_2017-03-21",EURAZN
"2017-03-20","1.8675","1.8601","1.8723","1.8549","0.0041","EURAZN_2017-03-20",EURAZN
"2017-03-17","1.8598","1.8708","1.8727","1.8138","-0.0060","EURAZN_2017-03-17",EURAZN
"2017-03-16","1.8711","1.8670","1.8967","1.8210","-0.0007","EURAZN_2017-03-16",EURAZN
"2017-03-15","1.8725","1.8748","1.8842","1.8117","0.0019","EURAZN_2017-03-15",EURAZN
"2017-03-14","1.8689","1.8778","1.8841","1.8284","-0.0046","EURAZN_2017-03-14",EURAZN
"2017-03-13","1.8776","1.8808","1.8931","1.8466","-0.0018","EURAZN_2017-03-13",EURAZN
"2017-03-10","1.8809","1.8608","1.8861","1.8435","-0.0040","EURAZN_2017-03-10",EURAZN
"2017-03-09","1.8884","1.8880","1.9039","1.8783","0.0153","EURAZN_2017-03-09",EURAZN
"2017-03-08","1.8600","1.8536","1.8686","1.8526","-0.0177","EURAZN_2017-03-08",EURAZN
"2017-03-07","1.8935","1.8956","1.9130","1.8929","-0.0011","EURAZN_2017-03-07",EURAZN
"2017-03-06","1.8956","1.9151","1.9169","1.8956","0.0106","EURAZN_2017-03-06",EURAZN
"2017-03-03","1.8758","1.8436","1.8762","1.8423","-0.0036","EURAZN_2017-03-03",EURAZN
"2017-03-02","1.8825","1.8970","1.9021","1.8818","0.0133","EURAZN_2017-03-02",EURAZN
"2017-03-01","1.8577","1.8623","1.8676","1.8476","-0.0028","EURAZN_2017-03-01",EURAZN
"2017-02-28","1.8629","1.8667","1.8756","1.8541","-0.0020","EURAZN_2017-02-28",EURAZN
"2017-02-27","1.8667","1.8614","1.8778","1.8551","0.0028","EURAZN_2017-02-27",EURAZN
"2017-02-24","1.8615","1.8652","1.8778","1.8521","-0.0019","EURAZN_2017-02-24",EURAZN
"2017-02-23","1.8650","1.8518","1.8666","1.8503","-0.0140","EURAZN_2017-02-23",EURAZN
"2017-02-22","1.8914","1.8861","1.9027","1.8804","0.0246","EURAZN_2017-02-22",EURAZN
"2017-02-21","1.8460","1.8534","1.8595","1.8294","-0.0044","EURAZN_2017-02-21",EURAZN
"2017-02-20","1.8541","1.8550","1.8645","1.8474","-0.0001","EURAZN_2017-02-20",EURAZN
"2017-02-17","1.8542","1.8558","1.8743","1.8333","-0.0007","EURAZN_2017-02-17",EURAZN
"2017-02-16","1.8555","1.8318","1.8631","1.8272","-0.0130","EURAZN_2017-02-16",EURAZN
"2017-02-15","1.8799","1.8801","1.9016","1.8626","0.0009","EURAZN_2017-02-15",EURAZN
"2017-02-14","1.8782","1.8853","1.9078","1.8729","-0.0028","EURAZN_2017-02-14",EURAZN
"2017-02-13","1.8835","1.8966","1.9063","1.8417","0.0162","EURAZN_2017-02-13",EURAZN
"2017-02-10","1.8535","1.8446","1.8629","1.7596","-0.0307","EURAZN_2017-02-10",EURAZN
"2017-02-09","1.9122","1.9495","1.9506","1.9112","-0.0204","EURAZN_2017-02-09",EURAZN
"2017-02-08","1.9521","2.0862","2.0990","1.9442","-0.0318","EURAZN_2017-02-08",EURAZN
"2017-02-07","2.0162","2.0650","2.0694","1.9837","-0.0242","EURAZN_2017-02-07",EURAZN
"2017-02-06","2.0661","2.0795","2.0844","2.0362","-0.0062","EURAZN_2017-02-06",EURAZN
"2017-02-03","2.0790","2.0785","2.0883","2.0634","0.0003","EURAZN_2017-02-03",EURAZN
"2017-02-02","2.0783","2.0829","2.0995","2.0727","-0.0023","EURAZN_2017-02-02",EURAZN
"2017-02-01","2.0830","2.0867","2.0948","2.0759","-0.0017","EURAZN_2017-02-01",EURAZN
"2017-01-31","2.0865","2.0629","2.0903","2.0602","0.0056","EURAZN_2017-01-31",EURAZN
"2017-01-30","2.0749","2.0687","2.0908","2.0234","0.0082","EURAZN_2017-01-30",EURAZN
"2017-01-27","2.0581","2.0556","2.0648","2.0524","0.0016","EURAZN_2017-01-27",EURAZN
"2017-01-26","2.0549","2.0154","2.0739","2.0120","0.0122","EURAZN_2017-01-26",EURAZN
"2017-01-25","2.0302","2.0317","2.0361","2.0237","0.0007","EURAZN_2017-01-25",EURAZN
"2017-01-24","2.0288","2.0129","2.0328","1.9983","0.0068","EURAZN_2017-01-24",EURAZN
"2017-01-23","2.0150","1.9888","2.0165","1.9886","0.0189","EURAZN_2017-01-23",EURAZN
"2017-01-20","1.9777","1.9696","1.9799","1.9670","-0.0059","EURAZN_2017-01-20",EURAZN
"2017-01-19","1.9894","1.9563","1.9976","1.9554","0.0275","EURAZN_2017-01-19",EURAZN
"2017-01-18","1.9361","1.9396","1.9537","1.9350","-0.0020","EURAZN_2017-01-18",EURAZN
"2017-01-17","1.9400","1.9107","1.9929","1.9100","0.0151","EURAZN_2017-01-17",EURAZN
"2017-01-16","1.9111","1.9139","1.9217","1.9088","-0.0039","EURAZN_2017-01-16",EURAZN
"2017-01-13","1.9185","1.9011","1.9282","1.8995","0.0094","EURAZN_2017-01-13",EURAZN
"2017-01-12","1.9006","1.8965","1.9183","1.8948","0.0023","EURAZN_2017-01-12",EURAZN
"2017-01-11","1.8963","1.8901","1.9035","1.8722","-0.0037","EURAZN_2017-01-11",EURAZN
"2017-01-10","1.9034","1.9389","1.9420","1.9029","-0.0106","EURAZN_2017-01-10",EURAZN
"2017-01-09","1.9238","1.8879","1.9241","1.8848","0.0290","EURAZN_2017-01-09",EURAZN
"2017-01-06","1.8696","1.8820","1.8879","1.8658","-0.0066","EURAZN_2017-01-06",EURAZN
"2017-01-05","1.8821","1.8576","1.8833","1.8559","-0.0039","EURAZN_2017-01-05",EURAZN
"2017-01-04","1.8894","1.8602","1.8935","1.8593","0.0220","EURAZN_2017-01-04",EURAZN
"2017-01-03","1.8487","1.8737","1.8804","1.8373","-0.0028","EURAZN_2017-01-03",EURAZN
"2017-01-02","1.8539","1.8587","1.8659","1.8453","-0.0011","EURAZN_2017-01-02",EURAZN
"2016-12-30","1.8560","1.8539","1.8814","1.8491","0.0012","EURAZN_2016-12-30",EURAZN
"2016-12-29","1.8538","1.8390","1.8543","1.8376","0.0081","EURAZN_2016-12-29",EURAZN
"2016-12-28","1.8389","1.8370","1.8538","1.8277","-0.0102","EURAZN_2016-12-28",EURAZN
"2016-12-27","1.8578","1.8645","1.8665","1.8567","0.0073","EURAZN_2016-12-27",EURAZN
"2016-12-26","1.8444","1.8393","1.8484","1.8377","0.0025","EURAZN_2016-12-26",EURAZN
"2016-12-23","1.8398","1.8353","1.8473","1.8320","0.0026","EURAZN_2016-12-23",EURAZN
"2016-12-22","1.8350","1.8324","1.8461","1.8321","0.0011","EURAZN_2016-12-22",EURAZN
"2016-12-21","1.8329","1.8222","1.8388","1.8212","0.0058","EURAZN_2016-12-21",EURAZN
"2016-12-20","1.8223","1.8256","1.8292","1.8156","-0.0014","EURAZN_2016-12-20",EURAZN
"2016-12-19","1.8249","1.8330","1.9028","1.8228","-0.0052","EURAZN_2016-12-19",EURAZN
"2016-12-16","1.8344","1.8215","1.8388","1.8184","0.0076","EURAZN_2016-12-16",EURAZN
"2016-12-15","1.8206","1.8409","1.8975","1.8133","-0.0111","EURAZN_2016-12-15",EURAZN
"2016-12-14","1.8410","1.8668","1.8672","1.8339","-0.0249","EURAZN_2016-12-14",EURAZN
"2016-12-13","1.8880","1.8756","1.9388","1.8718","0.0181","EURAZN_2016-12-13",EURAZN
"2016-12-12","1.8544","1.8408","1.8689","1.8361","0.0063","EURAZN_2016-12-12",EURAZN
"2016-12-09","1.8428","1.8653","1.8661","1.8236","-0.0229","EURAZN_2016-12-09",EURAZN
"2016-12-08","1.8859","1.8879","1.8960","1.8612","0.0099","EURAZN_2016-12-08",EURAZN
"2016-12-07","1.8674","1.8596","1.8917","1.8587","0.0044","EURAZN_2016-12-07",EURAZN
"2016-12-06","1.8592","1.8913","1.9393","1.8448","-0.0278","EURAZN_2016-12-06",EURAZN
"2016-12-05","1.9123","1.8729","1.9131","1.8378","0.0329","EURAZN_2016-12-05",EURAZN
"2016-12-02","1.8513","1.8495","1.8566","1.8359","0.0010","EURAZN_2016-12-02",EURAZN
"2016-12-01","1.8494","1.8381","1.8506","1.8206","-0.0118","EURAZN_2016-12-01",EURAZN
"2016-11-30","1.8715","1.8857","1.8860","1.8509","-0.0034","EURAZN_2016-11-30",EURAZN
"2016-11-29","1.8778","1.8519","1.8787","1.8316","0.0277","EURAZN_2016-11-29",EURAZN
"2016-11-28","1.8272","1.8238","1.8382","1.8149","0.0026","EURAZN_2016-11-28",EURAZN
"2016-11-25","1.8224","1.8104","1.8299","1.8023","0.0067","EURAZN_2016-11-25",EURAZN
"2016-11-24","1.8103","1.8635","1.8659","1.7925","-0.0329","EURAZN_2016-11-24",EURAZN
"2016-11-23","1.8718","1.8809","1.9054","1.8087","-0.0041","EURAZN_2016-11-23",EURAZN
"2016-11-22","1.8796","1.8215","1.8817","1.8031","0.0352","EURAZN_2016-11-22",EURAZN
"2016-11-21","1.8157","1.8052","1.8192","1.7971","0.0054","EURAZN_2016-11-21",EURAZN
"2016-11-18","1.8059","1.8429","1.8439","1.8039","-0.0300","EURAZN_2016-11-18",EURAZN
"2016-11-17","1.8617","1.8607","1.8645","1.8285","-0.0025","EURAZN_2016-11-17",EURAZN
"2016-11-16","1.8663","1.8417","1.8665","1.8379","0.0269","EURAZN_2016-11-16",EURAZN
"2016-11-15","1.8175","1.8199","1.8340","1.8158","-0.0192","EURAZN_2016-11-15",EURAZN
"2016-11-14","1.8531","1.8651","1.8673","1.8206","0.0109","EURAZN_2016-11-14",EURAZN
"2016-11-11","1.8332","1.8315","1.8459","1.8255","0.0013","EURAZN_2016-11-11",EURAZN
"2016-11-10","1.8309","1.8190","1.8408","1.8107","-0.0116","EURAZN_2016-11-10",EURAZN
"2016-11-09","1.8524","1.8749","1.9186","1.8512","0.0058","EURAZN_2016-11-09",EURAZN
"2016-11-08","1.8417","1.8276","1.8467","1.8144","0.0058","EURAZN_2016-11-08",EURAZN
"2016-11-07","1.8310","1.8405","1.8442","1.8066","-0.0074","EURAZN_2016-11-07",EURAZN
"2016-11-04","1.8447","1.8254","1.8470","1.8095","-0.0066","EURAZN_2016-11-04",EURAZN
"2016-11-03","1.8569","1.8111","1.8660","1.8048","0.0235","EURAZN_2016-11-03",EURAZN
"2016-11-02","1.8143","1.8173","1.8291","1.8054","-0.0184","EURAZN_2016-11-02",EURAZN
"2016-11-01","1.8484","1.7896","1.8491","1.7774","0.0309","EURAZN_2016-11-01",EURAZN
"2016-10-31","1.7930","1.7982","1.8029","1.7745","-0.0048","EURAZN_2016-10-31",EURAZN
"2016-10-28","1.8017","1.7738","1.8170","1.7686","0.0138","EURAZN_2016-10-28",EURAZN
"2016-10-27","1.7772","1.7721","1.7850","1.7573","-0.0176","EURAZN_2016-10-27",EURAZN
"2016-10-26","1.8091","1.7580","1.8176","1.7399","0.0272","EURAZN_2016-10-26",EURAZN
"2016-10-25","1.7612","1.7566","1.7680","1.7260","0.0006","EURAZN_2016-10-25",EURAZN
"2016-10-24","1.7601","1.7484","1.7635","1.7158","0.0046","EURAZN_2016-10-24",EURAZN
"2016-10-21","1.7521","1.7505","1.7586","1.7149","-0.0011","EURAZN_2016-10-21",EURAZN
"2016-10-20","1.7540","1.7465","1.7623","1.7195","-0.0103","EURAZN_2016-10-20",EURAZN
"2016-10-19","1.7723","1.7510","1.7832","1.7185","0.0103","EURAZN_2016-10-19",EURAZN
"2016-10-18","1.7543","1.7530","1.7637","1.7196","-0.0011","EURAZN_2016-10-18",EURAZN
"2016-10-17","1.7563","1.7509","1.7584","1.7166","0.0014","EURAZN_2016-10-17",EURAZN
"2016-10-14","1.7538","1.7634","1.7689","1.7212","-0.0112","EURAZN_2016-10-14",EURAZN
"2016-10-13","1.7736","1.7593","1.7756","1.7204","-0.0037","EURAZN_2016-10-13",EURAZN
"2016-10-12","1.7801","1.7677","1.7914","1.7245","0.0050","EURAZN_2016-10-12",EURAZN
"2016-10-11","1.7712","1.7812","1.7883","1.7364","-0.0076","EURAZN_2016-10-11",EURAZN
"2016-10-10","1.7847","1.7962","1.7994","1.7487","-0.0081","EURAZN_2016-10-10",EURAZN
"2016-10-07","1.7993","1.7843","1.8002","1.7445","0.0064","EURAZN_2016-10-07",EURAZN
"2016-10-06","1.7878","1.8042","1.8089","1.7562","-0.0110","EURAZN_2016-10-06",EURAZN
"2016-10-05","1.8077","1.8012","1.8152","1.7690","-0.0036","EURAZN_2016-10-05",EURAZN
"2016-10-04","1.8143","1.8114","1.8260","1.7959","-0.0003","EURAZN_2016-10-04",EURAZN
"2016-10-03","1.8148","1.8199","1.8249","1.8104","-0.0052","EURAZN_2016-10-03",EURAZN
"2016-09-30","1.8243","1.8191","1.8279","1.7738","-0.0092","EURAZN_2016-09-30",EURAZN
"2016-09-29","1.8413","1.8204","1.8495","1.7830","0.0097","EURAZN_2016-09-29",EURAZN
"2016-09-28","1.8237","1.8244","1.8301","1.7805","-0.0024","EURAZN_2016-09-28",EURAZN
"2016-09-27","1.8280","1.8300","1.8358","1.7880","-0.0029","EURAZN_2016-09-27",EURAZN
"2016-09-26","1.8333","1.8251","1.8392","1.8248","0.0025","EURAZN_2016-09-26",EURAZN
"2016-09-23","1.8287","1.8219","1.8327","1.7872","-0.0191","EURAZN_2016-09-23",EURAZN
"2016-09-22","1.8643","1.8232","1.8779","1.7948","0.0008","EURAZN_2016-09-22",EURAZN
"2016-09-21","1.8628","1.8228","1.8670","1.7820","0.0200","EURAZN_2016-09-21",EURAZN
"2016-09-20","1.8262","1.8258","1.8388","1.7922","-0.0015","EURAZN_2016-09-20",EURAZN
"2016-09-19","1.8290","1.8241","1.8401","1.7886","0.0012","EURAZN_2016-09-19",EURAZN
"2016-09-16","1.8268","1.8385","1.8441","1.7995","-0.0082","EURAZN_2016-09-16",EURAZN
"2016-09-15","1.8419","1.8392","1.8484","1.8001","-0.0018","EURAZN_2016-09-15",EURAZN
"2016-09-14","1.8453","1.8374","1.8510","1.8312","0.0022","EURAZN_2016-09-14",EURAZN
"2016-09-13","1.8413","1.8414","1.8496","1.8349","-0.0018","EURAZN_2016-09-13",EURAZN
"2016-09-12","1.8447","1.8398","1.8509","1.8370","0.0008","EURAZN_2016-09-12",EURAZN
"2016-09-09","1.8433","1.8437","1.8548","1.8344","-0.0205","EURAZN_2016-09-09",EURAZN
"2016-09-08","1.8818","1.8398","1.8946","1.8389","0.0206","EURAZN_2016-09-08",EURAZN
"2016-09-07","1.8438","1.8394","1.8510","1.8342","-0.0156","EURAZN_2016-09-07",EURAZN
"2016-09-06","1.8731","1.8209","1.9002","1.8198","0.0267","EURAZN_2016-09-06",EURAZN
"2016-09-05","1.8243","1.8217","1.8328","1.8201","-0.0009","EURAZN_2016-09-05",EURAZN
"2016-09-02","1.8259","1.8251","1.8538","1.8216","-0.0013","EURAZN_2016-09-02",EURAZN
"2016-09-01","1.8283","1.8185","1.8303","1.8149","0.0034","EURAZN_2016-09-01",EURAZN
"2016-08-31","1.8221","1.8117","1.8236","1.8104","0.0039","EURAZN_2016-08-31",EURAZN
"2016-08-30","1.8150","1.8201","1.8252","1.8094","-0.0047","EURAZN_2016-08-30",EURAZN
"2016-08-29","1.8236","1.8202","1.8495","1.8151","-0.0005","EURAZN_2016-08-29",EURAZN
"2016-08-26","1.8245","1.8315","1.8514","1.7998","-0.0057","EURAZN_2016-08-26",EURAZN
"2016-08-25","1.8349","1.8237","1.8390","1.7940","-0.0154","EURAZN_2016-08-25",EURAZN
"2016-08-24","1.8636","1.8232","1.8748","1.7913","-0.0004","EURAZN_2016-08-24",EURAZN
"2016-08-23","1.8644","1.8328","1.8791","1.7975","0.0155","EURAZN_2016-08-23",EURAZN
"2016-08-22","1.8360","1.8291","1.8384","1.7897","-0.0001","EURAZN_2016-08-22",EURAZN
"2016-08-19","1.8361","1.8323","1.8410","1.7952","0.0000","EURAZN_2016-08-19",EURAZN
"2016-08-18","1.8361","1.8140","1.8382","1.7919","-0.0094","EURAZN_2016-08-18",EURAZN
"2016-08-17","1.8536","1.8170","1.8682","1.7791","0.0181","EURAZN_2016-08-17",EURAZN
"2016-08-16","1.8206","1.7870","1.8292","1.7864","-0.0040","EURAZN_2016-08-16",EURAZN
"2016-08-15","1.8279","1.7877","1.8430","1.7604","0.0160","EURAZN_2016-08-15",EURAZN
"2016-08-12","1.7991","1.7729","1.8067","1.7523","-0.0068","EURAZN_2016-08-12",EURAZN
"2016-08-11","1.8115","1.7916","1.8334","1.7526","0.0090","EURAZN_2016-08-11",EURAZN
"2016-08-10","1.7953","1.7784","1.7977","1.7503","0.0074","EURAZN_2016-08-10",EURAZN
"2016-08-09","1.7822","1.7739","1.7830","1.7359","0.0025","EURAZN_2016-08-09",EURAZN
"2016-08-08","1.7778","1.7703","1.7797","1.7353","0.0025","EURAZN_2016-08-08",EURAZN
"2016-08-05","1.7734","1.7735","1.7839","1.7332","-0.0019","EURAZN_2016-08-05",EURAZN
"2016-08-04","1.7767","1.7729","1.7804","1.7372","0.0002","EURAZN_2016-08-04",EURAZN
"2016-08-03","1.7763","1.7813","1.7875","1.7426","-0.0050","EURAZN_2016-08-03",EURAZN
"2016-08-02","1.7852","1.7666","1.7871","1.7397","0.0085","EURAZN_2016-08-02",EURAZN
"2016-08-01","1.7701","1.7699","1.7759","1.7331","-0.0017","EURAZN_2016-08-01",EURAZN
"2016-07-29","1.7732","1.7515","1.7770","1.7173","0.0105","EURAZN_2016-07-29",EURAZN
"2016-07-28","1.7547","1.7432","1.7598","1.7154","0.0046","EURAZN_2016-07-28",EURAZN
"2016-07-27","1.7466","1.7191","1.7481","1.6993","-0.0043","EURAZN_2016-07-27",EURAZN
"2016-07-26","1.7542","1.7249","1.7702","1.6959","-0.0015","EURAZN_2016-07-26",EURAZN
"2016-07-25","1.7569","1.7235","1.7599","1.6885","0.0169","EURAZN_2016-07-25",EURAZN
"2016-07-22","1.7277","1.7196","1.7393","1.6977","-0.0157","EURAZN_2016-07-22",EURAZN
"2016-07-21","1.7553","1.6925","1.7692","1.6914","0.0190","EURAZN_2016-07-21",EURAZN
"2016-07-20","1.7225","1.7211","1.7557","1.6765","-0.0013","EURAZN_2016-07-20",EURAZN
"2016-07-19","1.7248","1.7261","1.7346","1.6781","-0.0027","EURAZN_2016-07-19",EURAZN
"2016-07-18","1.7295","1.7189","1.7313","1.6784","0.0048","EURAZN_2016-07-18",EURAZN
"2016-07-15","1.7213","1.7153","1.7380","1.6889","-0.0093","EURAZN_2016-07-15",EURAZN
"2016-07-14","1.7374","1.7228","1.7568","1.6839","0.0064","EURAZN_2016-07-14",EURAZN
"2016-07-13","1.7264","1.7150","1.7311","1.7139","0.0048","EURAZN_2016-07-13",EURAZN
"2016-07-12","1.7182","1.7098","1.7403","1.6732","-0.0093","EURAZN_2016-07-12",EURAZN
"2016-07-11","1.7343","1.7057","1.7388","1.6631","0.0026","EURAZN_2016-07-11",EURAZN
"2016-07-08","1.7298","1.6965","1.7441","1.6585","-0.0036","EURAZN_2016-07-08",EURAZN
"2016-07-07","1.7361","1.7005","1.7529","1.6959","-0.0028","EURAZN_2016-07-07",EURAZN
"2016-07-06","1.7410","1.7082","1.7525","1.6997","0.0172","EURAZN_2016-07-06",EURAZN
"2016-07-05","1.7115","1.7193","1.7257","1.6728","-0.0068","EURAZN_2016-07-05",EURAZN
"2016-07-04","1.7233","1.7178","1.7252","1.6686","0.0017","EURAZN_2016-07-04",EURAZN
"2016-07-01","1.7203","1.7081","1.7253","1.6639","0.0051","EURAZN_2016-07-01",EURAZN
"2016-06-30","1.7115","1.7043","1.7145","1.6604","0.0022","EURAZN_2016-06-30",EURAZN
"2016-06-29","1.7077","1.6951","1.7086","1.6534","0.0054","EURAZN_2016-06-29",EURAZN
"2016-06-28","1.6986","1.6848","1.7111","1.6517","-0.0134","EURAZN_2016-06-28",EURAZN
"2016-06-27","1.7216","1.6969","1.7361","1.6815","0.0083","EURAZN_2016-06-27",EURAZN
"2016-06-24","1.7075","1.7427","1.7525","1.6460","-0.0218","EURAZN_2016-06-24",EURAZN
"2016-06-23","1.7456","1.7223","1.7511","1.6887","0.0114","EURAZN_2016-06-23",EURAZN
"2016-06-22","1.7259","1.7125","1.7323","1.6764","0.0062","EURAZN_2016-06-22",EURAZN
"2016-06-21","1.7152","1.7180","1.7329","1.6799","-0.0038","EURAZN_2016-06-21",EURAZN
"2016-06-20","1.7217","1.7091","1.7323","1.6784","0.0060","EURAZN_2016-06-20",EURAZN
"2016-06-17","1.7115","1.6969","1.7149","1.6582","-0.0075","EURAZN_2016-06-17",EURAZN
"2016-06-16","1.7244","1.7013","1.7374","1.6504","0.0114","EURAZN_2016-06-16",EURAZN
"2016-06-15","1.7049","1.6754","1.7109","1.6750","0.0037","EURAZN_2016-06-15",EURAZN
"2016-06-14","1.6986","1.6987","1.7298","1.6352","-0.0152","EURAZN_2016-06-14",EURAZN
"2016-06-13","1.7248","1.6960","1.7333","1.6324","0.0151","EURAZN_2016-06-13",EURAZN
"2016-06-10","1.6991","1.7038","1.7143","1.6642","-0.0109","EURAZN_2016-06-10",EURAZN
"2016-06-09","1.7178","1.7134","1.7347","1.6659","0.0010","EURAZN_2016-06-09",EURAZN
"2016-06-08","1.7161","1.7048","1.7207","1.6656","0.0046","EURAZN_2016-06-08",EURAZN
"2016-06-07","1.7082","1.7000","1.7107","1.6605","0.0029","EURAZN_2016-06-07",EURAZN
"2016-06-06","1.7033","1.6974","1.7094","1.6562","0.0002","EURAZN_2016-06-06",EURAZN
"2016-06-03","1.7029","1.6597","1.7045","1.6238","0.0241","EURAZN_2016-06-03",EURAZN
"2016-06-02","1.6629","1.6635","1.6774","1.6209","-0.0069","EURAZN_2016-06-02",EURAZN
"2016-06-01","1.6745","1.6568","1.6772","1.6078","0.0086","EURAZN_2016-06-01",EURAZN
"2016-05-31","1.6602","1.6576","1.6667","1.6078","-0.0013","EURAZN_2016-05-31",EURAZN
"2016-05-30","1.6623","1.6543","1.6647","1.6518","0.0028","EURAZN_2016-05-30",EURAZN
"2016-05-27","1.6576","1.6650","1.6727","1.6151","-0.0065","EURAZN_2016-05-27",EURAZN
"2016-05-26","1.6685","1.6785","1.6874","1.6151","-0.0080","EURAZN_2016-05-26",EURAZN
"2016-05-25","1.6819","1.6747","1.6838","1.6490","-0.0063","EURAZN_2016-05-25",EURAZN
"2016-05-24","1.6925","1.6883","1.7073","1.6172","0.0006","EURAZN_2016-05-24",EURAZN
"2016-05-23","1.6915","1.6879","1.6957","1.6246","-0.0012","EURAZN_2016-05-23",EURAZN
"2016-05-20","1.6935","1.6859","1.6975","1.6286","0.0026","EURAZN_2016-05-20",EURAZN
"2016-05-19","1.6891","1.6839","1.6929","1.6307","0.0011","EURAZN_2016-05-19",EURAZN
"2016-05-18","1.6873","1.6998","1.7049","1.6429","-0.0149","EURAZN_2016-05-18",EURAZN
"2016-05-17","1.7128","1.7062","1.7219","1.6492","0.0013","EURAZN_2016-05-17",EURAZN
"2016-05-16","1.7105","1.7062","1.7161","1.6844","0.0007","EURAZN_2016-05-16",EURAZN
"2016-05-13","1.7093","1.7140","1.7198","1.6552","-0.0047","EURAZN_2016-05-13",EURAZN
"2016-05-12","1.7174","1.7187","1.7275","1.6706","-0.0075","EURAZN_2016-05-12",EURAZN
"2016-05-11","1.7303","1.7135","1.7369","1.6653","-0.0018","EURAZN_2016-05-11",EURAZN
"2016-05-10","1.7335","1.7174","1.7414","1.6604","0.0074","EURAZN_2016-05-10",EURAZN
"2016-05-09","1.7208","1.7155","1.7278","1.7105","-0.0147","EURAZN_2016-05-09",EURAZN
"2016-05-06","1.7465","1.7159","1.7593","1.6697","0.0025","EURAZN_2016-05-06",EURAZN
"2016-05-05","1.7422","1.7296","1.7609","1.6702","0.0053","EURAZN_2016-05-05",EURAZN
"2016-05-04","1.7331","1.7321","1.7393","1.6778","-0.0015","EURAZN_2016-05-04",EURAZN
"2016-05-03","1.7357","1.7380","1.7460","1.6876","-0.0032","EURAZN_2016-05-03",EURAZN
"2016-05-02","1.7413","1.7239","1.7419","1.6714","0.0047","EURAZN_2016-05-02",EURAZN
"2016-04-29","1.7332","1.7101","1.7374","1.6620","0.0116","EURAZN_2016-04-29",EURAZN
"2016-04-28","1.7134","1.7049","1.7151","1.6529","0.0028","EURAZN_2016-04-28",EURAZN
"2016-04-27","1.7086","1.7015","1.7149","1.6432","0.0021","EURAZN_2016-04-27",EURAZN
"2016-04-26","1.7051","1.6967","1.7112","1.6381","0.0027","EURAZN_2016-04-26",EURAZN
"2016-04-25","1.7005","1.6914","1.7022","1.6385","0.0031","EURAZN_2016-04-25",EURAZN
"2016-04-22","1.6953","1.7064","1.7132","1.6501","-0.0084","EURAZN_2016-04-22",EURAZN
"2016-04-21","1.7096","1.7064","1.7267","1.6484","-0.0001","EURAZN_2016-04-21",EURAZN
"2016-04-20","1.7098","1.7218","1.7308","1.6573","-0.0092","EURAZN_2016-04-20",EURAZN
"2016-04-19","1.7256","1.7169","1.7302","1.6581","-0.0116","EURAZN_2016-04-19",EURAZN
"2016-04-18","1.7458","1.7166","1.7489","1.6512","0.0162","EURAZN_2016-04-18",EURAZN
"2016-04-15","1.7179","1.7136","1.7236","1.6878","0.0007","EURAZN_2016-04-15",EURAZN
"2016-04-14","1.7167","1.7183","1.7257","1.6494","-0.0035","EURAZN_2016-04-14",EURAZN
"2016-04-13","1.7227","1.7375","1.7430","1.6635","-0.0106","EURAZN_2016-04-13",EURAZN
"2016-04-12","1.7411","1.7380","1.7533","1.7317","-0.0002","EURAZN_2016-04-12",EURAZN
"2016-04-11","1.7414","1.7290","1.7482","1.6776","0.0057","EURAZN_2016-04-11",EURAZN
"2016-04-08","1.7316","1.7246","1.7388","1.7205","0.0021","EURAZN_2016-04-08",EURAZN
"2016-04-07","1.7279","1.7276","1.7435","1.7184","-0.0019","EURAZN_2016-04-07",EURAZN
"2016-04-06","1.7312","1.7255","1.7366","1.7174","0.0013","EURAZN_2016-04-06",EURAZN
"2016-04-05","1.7289","1.7181","1.7316","1.7164","0.0043","EURAZN_2016-04-05",EURAZN
"2016-04-04","1.7215","1.6733","1.7399","1.6716","-0.0051","EURAZN_2016-04-04",EURAZN
"2016-04-01","1.7304","1.7522","1.8127","1.6664","-0.0144","EURAZN_2016-04-01",EURAZN
"2016-03-31","1.7557","1.7661","1.7717","1.7438","-0.0079","EURAZN_2016-03-31",EURAZN
"2016-03-30","1.7696","1.7972","1.8110","1.7597","-0.0363","EURAZN_2016-03-30",EURAZN
"2016-03-29","1.8363","1.7067","1.8409","1.7047","0.0737","EURAZN_2016-03-29",EURAZN
"2016-03-28","1.7103","1.7825","1.7882","1.7034","-0.0426","EURAZN_2016-03-28",EURAZN
"2016-03-25","1.7864","1.7844","1.7900","1.7808","-0.0007","EURAZN_2016-03-25",EURAZN
"2016-03-24","1.7876","1.7850","1.7897","1.7786","-0.0008","EURAZN_2016-03-24",EURAZN
"2016-03-23","1.7891","1.7909","1.7955","1.7817","-0.0030","EURAZN_2016-03-23",EURAZN
"2016-03-22","1.7944","1.7953","1.8017","1.7867","-0.0022","EURAZN_2016-03-22",EURAZN
"2016-03-21","1.7983","1.7995","1.8206","1.7690","-0.0026","EURAZN_2016-03-21",EURAZN
"2016-03-18","1.8029","1.8221","1.8289","1.7697","-0.0125","EURAZN_2016-03-18",EURAZN
"2016-03-17","1.8257","1.8153","1.8289","1.7788","0.0038","EURAZN_2016-03-17",EURAZN
"2016-03-16","1.8188","1.7855","1.8220","1.7624","0.0168","EURAZN_2016-03-16",EURAZN
"2016-03-15","1.7888","1.7936","1.8266","1.7795","-0.0050","EURAZN_2016-03-15",EURAZN
"2016-03-14","1.7978","1.8061","1.8409","1.7896","-0.0065","EURAZN_2016-03-14",EURAZN
"2016-03-11","1.8095","1.8059","1.8429","1.7946","0.0001","EURAZN_2016-03-11",EURAZN
"2016-03-10","1.8093","1.7691","1.8162","1.7486","0.0208","EURAZN_2016-03-10",EURAZN
"2016-03-09","1.7725","1.7715","1.7854","1.7511","-0.0014","EURAZN_2016-03-09",EURAZN
"2016-03-08","1.7749","1.7570","1.7838","1.7551","0.0083","EURAZN_2016-03-08",EURAZN
"2016-03-07","1.7603","1.7467","1.7738","1.7359","0.0062","EURAZN_2016-03-07",EURAZN
"2016-03-04","1.7494","1.7194","1.7712","1.7159","0.0154","EURAZN_2016-03-04",EURAZN
"2016-03-03","1.7229","1.6978","1.7256","1.6947","0.0132","EURAZN_2016-03-03",EURAZN
"2016-03-02","1.7004","1.6888","1.7164","1.6810","0.0050","EURAZN_2016-03-02",EURAZN
"2016-03-01","1.6919","1.6989","1.7380","1.6833","-0.0067","EURAZN_2016-03-01",EURAZN
"2016-02-29","1.7033","1.7076","1.7204","1.6944","-0.0046","EURAZN_2016-02-29",EURAZN
"2016-02-26","1.7112","1.7211","1.7328","1.7044","-0.0081","EURAZN_2016-02-26",EURAZN
"2016-02-25","1.7251","1.7168","1.7295","1.7153","0.0028","EURAZN_2016-02-25",EURAZN
"2016-02-24","1.7202","1.7198","1.7252","1.6517","-0.0018","EURAZN_2016-02-24",EURAZN
"2016-02-23","1.7233","1.7213","1.7288","1.6524","-0.0032","EURAZN_2016-02-23",EURAZN
"2016-02-22","1.7288","1.7343","1.7444","1.6500","-0.0058","EURAZN_2016-02-22",EURAZN
"2016-02-19","1.7389","1.7372","1.7442","1.6668","-0.0009","EURAZN_2016-02-19",EURAZN
"2016-02-18","1.7405","1.7440","1.7507","1.7313","-0.0039","EURAZN_2016-02-18",EURAZN
"2016-02-17","1.7474","1.7467","1.7586","1.7404","-0.0016","EURAZN_2016-02-17",EURAZN
"2016-02-16","1.7502","1.7520","1.7631","1.7434","-0.0030","EURAZN_2016-02-16",EURAZN
"2016-02-15","1.7555","1.7490","1.7697","1.7297","0.0009","EURAZN_2016-02-15",EURAZN
"2016-02-12","1.7539","1.7729","1.7835","1.7429","-0.0124","EURAZN_2016-02-12",EURAZN
"2016-02-11","1.7759","1.7724","1.7942","1.7651","0.0002","EURAZN_2016-02-11",EURAZN
"2016-02-10","1.7756","1.7823","1.7886","1.7518","-0.0057","EURAZN_2016-02-10",EURAZN
"2016-02-09","1.7857","1.7708","1.7929","1.7620","0.0064","EURAZN_2016-02-09",EURAZN
"2016-02-08","1.7743","1.7591","1.7775","1.7529","0.0066","EURAZN_2016-02-08",EURAZN
"2016-02-05","1.7627","1.7669","1.7803","1.7512","-0.0042","EURAZN_2016-02-05",EURAZN
"2016-02-04","1.7702","1.7505","1.7755","1.7454","0.0094","EURAZN_2016-02-04",EURAZN
"2016-02-03","1.7538","1.7395","1.7694","1.7194","0.0063","EURAZN_2016-02-03",EURAZN
"2016-02-02","1.7429","1.7388","1.7471","1.7355","0.0006","EURAZN_2016-02-02",EURAZN
"2016-02-01","1.7419","1.7335","1.7460","1.7022","0.0026","EURAZN_2016-02-01",EURAZN
"2016-01-29","1.7373","1.7437","1.7580","1.7086","-0.0057","EURAZN_2016-01-29",EURAZN
"2016-01-28","1.7472","1.6989","1.7519","1.6972","0.0263","EURAZN_2016-01-28",EURAZN
"2016-01-27","1.7025","1.7358","1.7477","1.6938","-0.0211","EURAZN_2016-01-27",EURAZN
"2016-01-26","1.7392","1.7325","1.7487","1.7277","0.0020","EURAZN_2016-01-26",EURAZN
"2016-01-25","1.7358","1.7218","1.7397","1.6943","0.0064","EURAZN_2016-01-25",EURAZN
"2016-01-22","1.7248","1.7334","1.7412","1.6928","-0.0070","EURAZN_2016-01-22",EURAZN
"2016-01-21","1.7369","1.7453","1.7512","1.6920","-0.0065","EURAZN_2016-01-21",EURAZN
"2016-01-20","1.7483","1.7393","1.7582","1.7086","0.0034","EURAZN_2016-01-20",EURAZN
"2016-01-19","1.7424","1.7194","1.7628","1.7020","0.0113","EURAZN_2016-01-19",EURAZN
"2016-01-18","1.7229","1.7056","1.7345","1.7009","0.0083","EURAZN_2016-01-18",EURAZN
"2016-01-15","1.7088","1.6973","1.7200","1.6956","0.0048","EURAZN_2016-01-15",EURAZN
"2016-01-14","1.7007","1.7059","1.7134","1.6923","-0.0047","EURAZN_2016-01-14",EURAZN
"2016-01-13","1.7087","1.7023","1.7109","1.6896","0.0016","EURAZN_2016-01-13",EURAZN
"2016-01-12","1.7060","1.6979","1.7128","1.6873","0.0027","EURAZN_2016-01-12",EURAZN
"2016-01-11","1.7014","1.7082","1.7470","1.6841","-0.0066","EURAZN_2016-01-11",EURAZN
"2016-01-08","1.7127","1.7079","1.7129","1.6875","0.0007","EURAZN_2016-01-08",EURAZN
"2016-01-07","1.7115","1.6841","1.7126","1.6828","0.0142","EURAZN_2016-01-07",EURAZN
"2016-01-06","1.6875","1.6772","1.6907","1.6748","0.0042","EURAZN_2016-01-06",EURAZN
"2016-01-05","1.6805","1.6885","1.6948","1.6711","-0.0067","EURAZN_2016-01-05",EURAZN
"2016-01-04","1.6919","1.6929","1.7102","1.6806","-0.0008","EURAZN_2016-01-04",EURAZN
"2016-01-01","1.6932","1.6934","1.6945","1.6907","-0.0019","EURAZN_2016-01-01",EURAZN
"2015-12-31","1.6965","1.7046","1.7085","1.6918","-0.0066","EURAZN_2015-12-31",EURAZN
"2015-12-30","1.7077","1.7003","1.7102","1.6984","0.0025","EURAZN_2015-12-30",EURAZN
"2015-12-29","1.7034","1.7065","1.7153","1.6974","-0.0036","EURAZN_2015-12-29",EURAZN
"2015-12-28","1.7096","1.7001","1.7140","1.6885","0.0014","EURAZN_2015-12-28",EURAZN
"2015-12-25","1.7072","1.7029","1.7075","1.6986","0.0007","EURAZN_2015-12-25",EURAZN
"2015-12-24","1.7060","1.6931","1.7065","1.6915","0.0058","EURAZN_2015-12-24",EURAZN
"2015-12-23","1.6962","1.6990","1.7025","1.6814","-0.0035","EURAZN_2015-12-23",EURAZN
"2015-12-22","1.7021","1.6730","1.7045","1.6717","0.0103","EURAZN_2015-12-22",EURAZN
"2015-12-21","1.6848","1.1333","1.7043","1.1318","0.4817","EURAZN_2015-12-21",EURAZN
,"Highest: 2.1475","Lowest: 1.1318","Difference: 1.0157","Average: 1.9097","0.6262",

